premise,hypothesis,prompt,rationale
"If one wants to breathe while they sleep, air needs to be inside of what?","['cupboard', 'surface of earth', 'space shuttle', 'supermarket balloon', 'house']","Questions: If one wants to breathe while they sleep, air needs to be inside of what?, Choices: (A) cupboard, (B) surface of earth, (C) space shuttle, (D) supermarket balloon, (E) house. Given the question 'If one wants to breathe while they sleep, air needs to be inside of what?', which among the choices cupboard, surface of earth, space shuttle, supermarket balloon house is the correct answer? Explain your reasoning using conditional statements.
","1. The correct answer is (C) space shuttle. A space shuttle is a vehicle that can travel in outer space, where there is no air. If one wants to breathe while they sleep, air needs to be inside of the space shuttle. A conditional statement for this answer is: If one wants to breathe while they sleep, then air needs to be inside of the space shuttle.

"
"If one wishes to dissolve their marriage by getting a divorce, who should one speak with?","['legal paperwork', 'conflict', 'marriage', 'being married', 'lawyer']","Questions: If one wishes to dissolve their marriage by getting a divorce, who should one speak with?, Choices: (A) legal paperwork, (B) conflict, (C) marriage, (D) being married, (E) lawyer. Given the question 'If one wishes to dissolve their marriage by getting a divorce, who should one speak with?', which among the choices legal paperwork, conflict, marriage, being married lawyer is the correct answer? Explain your reasoning using conditional statements.
","2. The correct answer is (E) lawyer. A lawyer is a person who practices law and can help one with legal issues. If one wishes to dissolve their marriage by getting a divorce, who should one speak with? A conditional statement for this answer is: If one wishes to dissolve their marriage by getting a divorce, then one should speak with a lawyer.

"
"If paramedics are trying to rescue someone who tries to hit them, what will they have to do with their hands?","['bind', 'abandon', 'hurt', 'kidnap', 'endanger']","Questions: If paramedics are trying to rescue someone who tries to hit them, what will they have to do with their hands?, Choices: (A) bind, (B) abandon, (C) hurt, (D) kidnap, (E) endanger. Given the question 'If paramedics are trying to rescue someone who tries to hit them, what will they have to do with their hands?', which among the choices bind, abandon, hurt, kidnap endanger is the correct answer? Explain your reasoning using conditional statements.
","3. The correct answer is (A) bind. To bind means to tie or restrain someone or something. If paramedics are trying to rescue someone who tries to hit them, what will they have to do with their hands? A conditional statement for this answer is: If paramedics are trying to rescue someone who tries to hit them, then they will have to bind their hands.

"
"If people are 19 years of age, what has happened already to most of them?","['die suddenly', 'go to jail', 'complete high school', 'believe in god', 'cross river']","Questions: If people are 19 years of age, what has happened already to most of them?, Choices: (A) die suddenly, (B) go to jail, (C) complete high school, (D) believe in god, (E) cross river. Given the question 'If people are 19 years of age, what has happened already to most of them?', which among the choices die suddenly, go to jail, complete high school, believe in god cross river is the correct answer? Explain your reasoning using conditional statements.
","4. The correct answer is (C) complete high school. Completing high school is an educational achievement that most people do by the age of 19. If people are 19 years of age, what has happened already to most of them? A conditional statement for this answer is: If people are 19 years of age, then most of them have completed high school.

"
"If people are at war with one another, what might they do as a consequence?","['destroy each other', 'interact', 'talk to each other', 'run amok', 'desire to win']","Questions: If people are at war with one another, what might they do as a consequence?, Choices: (A) destroy each other, (B) interact, (C) talk to each other, (D) run amok, (E) desire to win. Given the question 'If people are at war with one another, what might they do as a consequence?', which among the choices destroy each other, interact, talk to each other, run amok desire to win is the correct answer? Explain your reasoning using conditional statements.
","5. The correct answer is (A) destroy each other. To destroy means to cause great damage or ruin to something or someone. If people are at war with one another, what might they do as a consequence? A conditional statement for this answer is: If people are at war with one another, then they might destroy each other.

"
"If people are bowing before a statue, what are they likely doing?","['believe in god', 'worship idols', 'knees', 'hope for peace', 'form opinions']","Questions: If people are bowing before a statue, what are they likely doing?, Choices: (A) believe in god, (B) worship idols, (C) knees, (D) hope for peace, (E) form opinions. Given the question 'If people are bowing before a statue, what are they likely doing?', which among the choices believe in god, worship idols, knees, hope for peace form opinions is the correct answer? Explain your reasoning using conditional statements.
","6. The correct answer is (B) worship idols. To worship means to show reverence or devotion to a deity or a sacred object. An idol is an image or representation of a god or a person that is worshipped. If people are bowing before a statue, what are they likely doing? A conditional statement for this answer is: If people are bowing before a statue, then they are likely worshiping idols.

"
"If people are busy, what do they tend to do?","['make lists', 'trade places', 'talk to each other', 'hurry along', 'say ""hello"" to one another']","Questions: If people are busy, what do they tend to do?, Choices: (A) make lists, (B) trade places, (C) talk to each other, (D) hurry along, (E) say ""hello"" to one another. Given the question 'If people are busy, what do they tend to do?', which among the choices make lists, trade places, talk to each other, hurry along say ""hello"" to one another is the correct answer? Explain your reasoning using conditional statements.
","7. The correct answer is (D) hurry along. To hurry means to move or act with speed or urgency. If people are busy, what do they tend to do? A conditional statement for this answer is: If people are busy, then they tend to hurry along.

"
"If people are competing in dangerous events, what could happen?","['boredom', 'winning or losing', 'rivalry', 'accomplishment', 'death']","Questions: If people are competing in dangerous events, what could happen?, Choices: (A) boredom, (B) winning or losing, (C) rivalry, (D) accomplishment, (E) death. Given the question 'If people are competing in dangerous events, what could happen?', which among the choices boredom, winning or losing, rivalry, accomplishment death is the correct answer? Explain your reasoning using conditional statements.
",
"If people are disappointed by something they aren't entitled to, what must they do?","['like ice cream', 'dance well', 'believe in god', 'make a wish', 'lower expectations']","Questions: If people are disappointed by something they aren't entitled to, what must they do?, Choices: (A) like ice cream, (B) dance well, (C) believe in god, (D) make a wish, (E) lower expectations. Given the question 'If people are disappointed by something they aren't entitled to, what must they do?', which among the choices like ice cream, dance well, believe in god, make a wish lower expectations is the correct answer? Explain your reasoning using conditional statements.
","9. If people are 19 years of age, what has happened already to most of them? A conditional statement for this answer is: If people are 19 years of age, then most of them have completed high school.

5. The correct answer is (A) destroy each other. To destroy means to cause great damage or ruin to something or someone. If people are at war with one another, what might they do as a consequence? A conditional statement for this answer is: If people are at war with one another, then they might destroy each other.

6. The correct answer is (B) worship idols. To worship means to show reverence or devotion to a deity or a sacred object. An idol is an image or representation of a god or a person that is worshipped. If people are bowing before a statue, what are they likely doing? A conditional statement for this answer is: If people are bowing before a statue, then they are likely worshiping idols.

7. The correct answer is (D) hurry along. To hurry means to move or act with speed or urgency. If people are busy, what do they tend to do? A conditional statement for this answer is: If people are busy, then they tend to hurry along.

8. The correct answer is (E) death. Death is the end of life or the cessation of vital functions. If people are competing in dangerous events, what could happen? A conditional statement for this answer is: If people are competing in dangerous events, then they could die.

9. The correct answer is (E) lower expectations. To lower means to reduce or decrease something. Expectations are beliefs or hopes about how something will turn out. If people are disappointed by something they aren't entitled to, what must they do? A conditional statement for this answer is: If people are disappointed by something they aren't entitled to, then they must lower their expectations.

"
"If people are informed of an imminent war, what do they do next?","['believe in god', 'worship idols', 'hope for peace', 'form opinions', 'buy tanks']","Questions: If people are informed of an imminent war, what do they do next?, Choices: (A) believe in god, (B) worship idols, (C) hope for peace, (D) form opinions, (E) buy tanks. Given the question 'If people are informed of an imminent war, what do they do next?', which among the choices believe in god, worship idols, hope for peace, form opinions buy tanks is the correct answer? Explain your reasoning using conditional statements.
","10. The correct answer is (C) hope for peace. To hope means to wish or desire for something to happen. Peace is a state of harmony or absence of conflict. If people are informed of an imminent war, what do they do next? A conditional statement for this answer is: If people are informed of an imminent war, then they hope for peace."
"If people are looking for fun in the summertime, where's one good place for them to go?","['confession', 'carnival', 'meetings', 'state park', 'supermarket']","Questions: If people are looking for fun in the summertime, where's one good place for them to go?, Choices: (A) confession, (B) carnival, (C) meetings, (D) state park, (E) supermarket. Given the question 'If people are looking for fun in the summertime, where's one good place for them to go?', which among the choices confession, carnival, meetings, state park supermarket is the correct answer? Explain your reasoning using conditional statements.
","1. The correct answer is (B) carnival. A possible explanation is: If people are looking for fun in the summertime, then they want to enjoy some outdoor activities. If they want to enjoy some outdoor activities, then a carnival is a good place for them to go. Therefore, if people are looking for fun in the summertime, then a carnival is a good place for them to go.

"
"If people are on a beach, what are they likely doing?","['eat plants', 'sun themselves', 'swimming', 'gain wealth', 'talk to each other']","Questions: If people are on a beach, what are they likely doing?, Choices: (A) eat plants, (B) sun themselves, (C) swimming, (D) gain wealth, (E) talk to each other. Given the question 'If people are on a beach, what are they likely doing?', which among the choices eat plants, sun themselves, swimming, gain wealth talk to each other is the correct answer? Explain your reasoning using conditional statements.
","2. The correct answer is (C) swimming. A possible explanation is: If people are on a beach, then they are near the water. If they are near the water, then they are likely to swim in it. Therefore, if people are on a beach, then they are likely to swim in it.

"
"If people are scared, why would they get a gun?","['arm themselves', 'to drive their property value down', 'talk to each other', 'lose touch', 'share ideas']","Questions: If people are scared, why would they get a gun?, Choices: (A) arm themselves, (B) to drive their property value down, (C) talk to each other, (D) lose touch, (E) share ideas. Given the question 'If people are scared, why would they get a gun?', which among the choices arm themselves, to drive their property value down, talk to each other, lose touch share ideas is the correct answer? Explain your reasoning using conditional statements.
","3. The correct answer is (A) arm themselves. A possible explanation is: If people are scared, then they feel threatened by something or someone. If they feel threatened by something or someone, then they might get a gun to protect themselves. Therefore, if people are scared, then they might get a gun to protect themselves.

"
"If people are shot in the head by a bullet, what is the likely result?","['believe in god', 'migraine', 'complete high school', 'die suddenly', 'cross river']","Questions: If people are shot in the head by a bullet, what is the likely result?, Choices: (A) believe in god, (B) migraine, (C) complete high school, (D) die suddenly, (E) cross river. Given the question 'If people are shot in the head by a bullet, what is the likely result?', which among the choices believe in god, migraine, complete high school, die suddenly cross river is the correct answer? Explain your reasoning using conditional statements.
","4. The correct answer is (D) die suddenly. A possible explanation is: If people are shot in the head by a bullet, then they suffer a severe injury to their brain. If they suffer a severe injury to their brain, then they are likely to die suddenly. Therefore, if people are shot in the head by a bullet, then they are likely to die suddenly.

"
"If people are told something controversial, what do they do next?","['hope for peace', 'believe in god', 'start fighting', 'form opinions', 'worship idols']","Questions: If people are told something controversial, what do they do next?, Choices: (A) hope for peace, (B) believe in god, (C) start fighting, (D) form opinions, (E) worship idols. Given the question 'If people are told something controversial, what do they do next?', which among the choices hope for peace, believe in god, start fighting, form opinions worship idols is the correct answer? Explain your reasoning using conditional statements.
","5. The correct answer is (D) form opinions. A possible explanation is: If people are told something controversial, then they hear something that challenges their beliefs or values. If they hear something that challenges their beliefs or values, then they form opinions about it. Therefore, if people are told something controversial, then they form opinions about it.

"
"If people are vegetarian, what do they do more of?","['believe in god', 'sun themselves', 'eat hamburgers', 'gain wealth', 'eat plants']","Questions: If people are vegetarian, what do they do more of?, Choices: (A) believe in god, (B) sun themselves, (C) eat hamburgers, (D) gain wealth, (E) eat plants. Given the question 'If people are vegetarian, what do they do more of?', which among the choices believe in god, sun themselves, eat hamburgers, gain wealth eat plants is the correct answer? Explain your reasoning using conditional statements.
","6. The correct answer is (E) eat plants. A possible explanation is: If people are vegetarian, then they do not eat meat. If they do not eat meat, then they eat more plants. Therefore, if people are vegetarian, then they eat more plants.

"
"If people are working hard and saving their money, what is the likely consequence?","['gain wealth', 'talk to each other', 'eat plants', 'sun themselves', 'make money pillars']","Questions: If people are working hard and saving their money, what is the likely consequence?, Choices: (A) gain wealth, (B) talk to each other, (C) eat plants, (D) sun themselves, (E) make money pillars. Given the question 'If people are working hard and saving their money, what is the likely consequence?', which among the choices gain wealth, talk to each other, eat plants, sun themselves make money pillars is the correct answer? Explain your reasoning using conditional statements.
","7. The correct answer is (A) gain wealth. A possible explanation is: If people are working hard and saving their money, then they are earning more than they are spending. If they are earning more than they are spending, then they gain wealth. Therefore, if people are working hard and saving their money, then they gain wealth.

"
"If people get upset while chatting with friends, what is the likely culprit?","['misunderstanding', 'discomfort', 'love', 'learning about', 'sleeping']","Questions: If people get upset while chatting with friends, what is the likely culprit?, Choices: (A) misunderstanding, (B) discomfort, (C) love, (D) learning about, (E) sleeping. Given the question 'If people get upset while chatting with friends, what is the likely culprit?', which among the choices misunderstanding, discomfort, love, learning about sleeping is the correct answer? Explain your reasoning using conditional statements.
","8. The correct answer is (A) misunderstanding. A possible explanation is: If people get upset while chatting with friends, then they have a conflict with them. If they have a conflict with them, then they might have a misunderstanding. Therefore, if people get upset while chatting with friends, then they might have a misunderstanding.

"
"If people have trouble finding enough resources to fulfill their calorie requirements, what might they have to do?","['talk to each other', 'compete with each other', 'feed themselves', 'find water', 'feel lonely']","Questions: If people have trouble finding enough resources to fulfill their calorie requirements, what might they have to do?, Choices: (A) talk to each other, (B) compete with each other, (C) feed themselves, (D) find water, (E) feel lonely. Given the question 'If people have trouble finding enough resources to fulfill their calorie requirements, what might they have to do?', which among the choices talk to each other, compete with each other, feed themselves, find water feel lonely is the correct answer? Explain your reasoning using conditional statements.
","9. The correct answer is (B) compete with each other. A possible explanation is: If people have trouble finding enough resources to fulfill their calorie requirements, then they face a scarcity of food. If they face a scarcity of food, then they compete with each other for it. Therefore, if people have trouble finding enough resources to fulfill their calorie requirements, then they compete with each other for it.

"
"If people listen, they can understand each other better.  If they understand each other, they can do what?","['pay bills', 'swap bodies', 'learn from each other', 'believe in god', 'talk to each other']","Questions: If people listen, they can understand each other better.  If they understand each other, they can do what?, Choices: (A) pay bills, (B) swap bodies, (C) learn from each other, (D) believe in god, (E) talk to each other. Given the question 'If people listen, they can understand each other better.  If they understand each other, they can do what?', which among the choices pay bills, swap bodies, learn from each other, believe in god talk to each other is the correct answer? Explain your reasoning using conditional statements.
","10. The correct answer is (C) learn from each other. A possible explanation is: If people listen, then they can understand each other better. If they understand each other better, then they can share their knowledge and experiences. If they share their knowledge and experiences, then they can learn from each other. Therefore, if people listen, then they can learn from each other."
"If people major in computer science, what is a logical career path for them?","['talk to each other', 'write programs', 'choose life', 'play outside', 'believe in god']","Questions: If people major in computer science, what is a logical career path for them?, Choices: (A) talk to each other, (B) write programs, (C) choose life, (D) play outside, (E) believe in god. Given the question 'If people major in computer science, what is a logical career path for them?', which among the choices talk to each other, write programs, choose life, play outside believe in god is the correct answer? Explain your reasoning using conditional statements.
","1. The correct answer is (B) write programs. The reasoning is: If people major in computer science, then they learn how to write programs. Writing programs is a logical career path for people who major in computer science.

"
"If people need something on the other side of a body of water, what must they do?","['flap their arms and fly', 'cross river', 'complete high school', 'die suddenly', 'talk to each other']","Questions: If people need something on the other side of a body of water, what must they do?, Choices: (A) flap their arms and fly, (B) cross river, (C) complete high school, (D) die suddenly, (E) talk to each other. Given the question 'If people need something on the other side of a body of water, what must they do?', which among the choices flap their arms and fly, cross river, complete high school, die suddenly talk to each other is the correct answer? Explain your reasoning using conditional statements.
","2. The correct answer is (B) cross river. The reasoning is: If people need something on the other side of a body of water, then they must cross the body of water. Crossing the body of water is the only way to get to the other side where the thing they need is.

"
"If people practice groovy moves, what is the end result for them?","['dance well', 'drive better', 'talk to each other', 'like ice cream', 'lower expectations']","Questions: If people practice groovy moves, what is the end result for them?, Choices: (A) dance well, (B) drive better, (C) talk to each other, (D) like ice cream, (E) lower expectations. Given the question 'If people practice groovy moves, what is the end result for them?', which among the choices dance well, drive better, talk to each other, like ice cream lower expectations is the correct answer? Explain your reasoning using conditional statements.
","3. The correct answer is (A) dance well. The reasoning is: If people practice groovy moves, then they improve their dancing skills. Dancing well is the end result for people who practice groovy moves.

"
"If person goes to a bar, spends a few hours hitting the bottle, then takes himself home, what might he get?","['full bladder', 'ticket', 'alcoholism', 'nausea', 'breaking']","Questions: If person goes to a bar, spends a few hours hitting the bottle, then takes himself home, what might he get?, Choices: (A) full bladder, (B) ticket, (C) alcoholism, (D) nausea, (E) breaking. Given the question 'If person goes to a bar, spends a few hours hitting the bottle, then takes himself home, what might he get?', which among the choices full bladder, ticket, alcoholism, nausea breaking is the correct answer? Explain your reasoning using conditional statements.
","4. The correct answer is (D) nausea. The reasoning is: If person goes to a bar, spends a few hours hitting the bottle, then takes himself home, then he may have consumed too much alcohol. Nausea is a possible consequence of consuming too much alcohol.

"
"If playing the saxophone wasn't enough, she also had to learn the choreographed moves on the field to perform with the what?","['music store', 'actors', 'store sells instruments', 'marching band', 'orchestra']","Questions: If playing the saxophone wasn't enough, she also had to learn the choreographed moves on the field to perform with the what?, Choices: (A) music store, (B) actors, (C) store sells instruments, (D) marching band, (E) orchestra. Given the question 'If playing the saxophone wasn't enough, she also had to learn the choreographed moves on the field to perform with the what?', which among the choices music store, actors, store sells instruments, marching band orchestra is the correct answer? Explain your reasoning using conditional statements.
","5. The correct answer is (D) marching band. The reasoning is: If playing the saxophone wasn't enough, she also had to learn the choreographed moves on the field, then she was part of a musical group that performed on the field. Marching band is a musical group that performs on the field with choreographed moves.

"
"If shark is stuffed and preserved,where might it be displayed?","['deep ocean', ""pope's office"", 'pool hall', 'maritime museum', 'great outdoors']","Questions: If shark is stuffed and preserved,where might it be displayed?, Choices: (A) deep ocean, (B) pope's office, (C) pool hall, (D) maritime museum, (E) great outdoors. Given the question 'If shark is stuffed and preserved,where might it be displayed?', which among the choices deep ocean, pope's office, pool hall, maritime museum great outdoors is the correct answer? Explain your reasoning using conditional statements.
","6. The correct answer is (D) maritime museum. The reasoning is: If shark is stuffed and preserved, then it is no longer alive and cannot swim in the ocean. Maritime museum is a place where stuffed and preserved marine animals can be displayed.

"
"If ships are in a storm and the sun comes out, what has happened?","['sinks', 'cross river', 'collide', 'bottom out', 'carry people']","Questions: If ships are in a storm and the sun comes out, what has happened?, Choices: (A) sinks, (B) cross river, (C) collide, (D) bottom out, (E) carry people. Given the question 'If ships are in a storm and the sun comes out, what has happened?', which among the choices sinks, cross river, collide, bottom out carry people is the correct answer? Explain your reasoning using conditional statements.
","7. The correct answer is (E) carry people. The reasoning is: If ships are in a storm and the sun comes out, then the storm has passed and the weather has improved. Carrying people is a function of ships that can resume after the storm has passed and the weather has improved.

"
"If somebody eating breakfast keeps it light, it may be because they don't want to go to work with a what?","['have energy', 'indigestion', 'better day', 'stomachache', 'full stomach']","Questions: If somebody eating breakfast keeps it light, it may be because they don't want to go to work with a what?, Choices: (A) have energy, (B) indigestion, (C) better day, (D) stomachache, (E) full stomach. Given the question 'If somebody eating breakfast keeps it light, it may be because they don't want to go to work with a what?', which among the choices have energy, indigestion, better day, stomachache full stomach is the correct answer? Explain your reasoning using conditional statements.
","8. The correct answer is (E) full stomach. The reasoning is: If somebody eating breakfast keeps it light, then they do not eat too much food. Full stomach is a condition that happens when someone eats too much food and may cause discomfort or indigestion.

"
"If somebody had a great love of music, they probably do what in the car?","['sing', 'play piano', 'attend classical concert', 'listen to radio', 'play violin']","Questions: If somebody had a great love of music, they probably do what in the car?, Choices: (A) sing, (B) play piano, (C) attend classical concert, (D) listen to radio, (E) play violin. Given the question 'If somebody had a great love of music, they probably do what in the car?', which among the choices sing, play piano, attend classical concert, listen to radio play violin is the correct answer? Explain your reasoning using conditional statements.
","9. The correct answer is (A) sing. The reasoning is: If somebody had a great love of music, then they would enjoy expressing their musical passion. Singing is a way of expressing musical passion that can be done in the car.

"
"If somebody likes temperatures cool, they might have more than one electric fan where?","['home', 'hardware store', 'home', 'hot room', 'office']","Questions: If somebody likes temperatures cool, they might have more than one electric fan where?, Choices: (A) home, (B) hardware store, (C) home, (D) hot room, (E) office. Given the question 'If somebody likes temperatures cool, they might have more than one electric fan where?', which among the choices home, hardware store, home, hot room office is the correct answer? Explain your reasoning using conditional statements.
","10. The correct answer is (A) home. The reasoning is: If somebody likes temperatures cool, then they would want to create a cool environment where they spend most of their time. Home is a place where people spend most of their time and can have more than one electric fan to create a cool environment."
"If somebody wanted to start a garden they would put seeds in the ground, then watering them would be making grow what?","['growth', 'harvesting', 'die', 'sad', 'plants']","Questions: If somebody wanted to start a garden they would put seeds in the ground, then watering them would be making grow what?, Choices: (A) growth, (B) harvesting, (C) die, (D) sad, (E) plants. Given the question 'If somebody wanted to start a garden they would put seeds in the ground, then watering them would be making grow what?', which among the choices growth, harvesting, die, sad plants is the correct answer? Explain your reasoning using conditional statements.
","1. The correct answer is **(E) plants**. A conditional statement is a statement that expresses a logical relationship between two or more propositions. A conditional statement has the form ""if P, then Q"", where P is the antecedent and Q is the consequent. The statement is true if both P and Q are true, or if P is false. The statement is false only if P is true and Q is false. In this question, the antecedent is ""somebody wanted to start a garden they would put seeds in the ground, then watering them"" and the consequent is ""making grow what?"". The only choice that makes the statement true is plants, because if someone puts seeds in the ground and waters them, then they are making plants grow. The other choices do not make sense or are not related to the antecedent.

"
"If somebody was ready to eat breakfast they would enter the kitchen, but if it was barren they'd have to what?","['eat food', 'open mouth', 'wake up', 'prepare breakfast', 'buy food']","Questions: If somebody was ready to eat breakfast they would enter the kitchen, but if it was barren they'd have to what?, Choices: (A) eat food, (B) open mouth, (C) wake up, (D) prepare breakfast, (E) buy food. Given the question 'If somebody was ready to eat breakfast they would enter the kitchen, but if it was barren they'd have to what?', which among the choices eat food, open mouth, wake up, prepare breakfast buy food is the correct answer? Explain your reasoning using conditional statements.
","2. The correct answer is **(E) buy food**. A conditional statement is a statement that expresses a logical relationship between two or more propositions. A conditional statement has the form ""if P, then Q"", where P is the antecedent and Q is the consequent. The statement is true if both P and Q are true, or if P is false. The statement is false only if P is true and Q is false. In this question, the antecedent is ""somebody was ready to eat breakfast they would enter the kitchen"" and the consequent is ""but if it was barren they'd have to what?"". The only choice that makes the statement true is buy food, because if someone enters the kitchen and finds it barren, then they have to buy food to eat. The other choices do not make sense or are not related to the antecedent.

"
"If someone committed perjury, but the evidence was taken illegally, what might happen?","['mistrial', 'going to jail', 'tension', 'go to jail', 'aquittal']","Questions: If someone committed perjury, but the evidence was taken illegally, what might happen?, Choices: (A) mistrial, (B) going to jail, (C) tension, (D) go to jail, (E) aquittal. Given the question 'If someone committed perjury, but the evidence was taken illegally, what might happen?', which among the choices mistrial, going to jail, tension, go to jail aquittal is the correct answer? Explain your reasoning using conditional statements.
","3. The correct answer is **(A) mistrial**. A conditional statement is a statement that expresses a logical relationship between two or more propositions. A conditional statement has the form ""if P, then Q"", where P is the antecedent and Q is the consequent. The statement is true if both P and Q are true, or if P is false. The statement is false only if P is true and Q is false. In this question, the antecedent is ""someone committed perjury"" and the consequent is ""but the evidence was taken illegally, what might happen?"". The only choice that makes the statement true is mistrial, because if someone committed perjury but the evidence was taken illegally, then the trial might be declared invalid and a new one might be ordered. The other choices do not make sense or are not related to the antecedent.

"
"If someone decided to go somewhere an hour away, they would be doing what in an hour?","['meet', 'arriving', 'have fun', 'walk away', 'travel']","Questions: If someone decided to go somewhere an hour away, they would be doing what in an hour?, Choices: (A) meet, (B) arriving, (C) have fun, (D) walk away, (E) travel. Given the question 'If someone decided to go somewhere an hour away, they would be doing what in an hour?', which among the choices meet, arriving, have fun, walk away travel is the correct answer? Explain your reasoning using conditional statements.
","4. The correct answer is **(B) arriving**. A conditional statement is a statement that expresses a logical relationship between two or more propositions. A conditional statement has the form ""if P, then Q"", where P is the antecedent and Q is the consequent. The statement is true if both P and Q are true, or if P is false. The statement is false only if P is true and Q is false. In this question, the antecedent is ""someone decided to go somewhere an hour away"" and the consequent is ""they would be doing what in an hour?"". The only choice that makes the statement true is arriving, because if someone decided to go somewhere an hour away, then they would be arriving at their destination in an hour. The other choices do not make sense or are not related to the antecedent.

"
"If someone goes to work, what does that mean about them?","['take bus', 'shave', 'brush teeth', 'have job', 'get ready']","Questions: If someone goes to work, what does that mean about them?, Choices: (A) take bus, (B) shave, (C) brush teeth, (D) have job, (E) get ready. Given the question 'If someone goes to work, what does that mean about them?', which among the choices take bus, shave, brush teeth, have job get ready is the correct answer? Explain your reasoning using conditional statements.
","5. The correct answer is **(D) have job**. A conditional statement is a statement that expresses a logical relationship between two or more propositions. A conditional statement has the form ""if P, then Q"", where P is the antecedent and Q is the consequent. The statement is true if both P and Q are true, or if P is false. The statement is false only if P is true and Q is false. In this question, the antecedent is ""someone goes to work"" and the consequent is ""what does that mean about them?"". The only choice that makes the statement true is have job, because if someone goes to work, then that means they have a job. The other choices do not make sense or are not related to the antecedent"
"If someone had been smoking, an easy way to tell would be if they were what?","['inhale', 'unhealthy', 'a chimney', 'go outside', 'coughing']","Questions: If someone had been smoking, an easy way to tell would be if they were what?, Choices: (A) inhale, (B) unhealthy, (C) a chimney, (D) go outside, (E) coughing. Given the question 'If someone had been smoking, an easy way to tell would be if they were what?', which among the choices inhale, unhealthy, a chimney, go outside coughing is the correct answer? Explain your reasoning using conditional statements.
",
"If someone is a drunkard, what kind of person is he or she not?","['teetotaller', 'pioneer', 'abstain', 'pioneer', 'temperance']","Questions: If someone is a drunkard, what kind of person is he or she not?, Choices: (A) teetotaller, (B) pioneer, (C) abstain, (D) pioneer, (E) temperance. Given the question 'If someone is a drunkard, what kind of person is he or she not?', which among the choices teetotaller, pioneer, abstain, pioneer temperance is the correct answer? Explain your reasoning using conditional statements.
",
"If someone is a mechanic, what are likely issues they will be asked to fix?","['machine tool', 'oil squeaky joints', 'oil engine', 'machine parts', 'servicing airplane']","Questions: If someone is a mechanic, what are likely issues they will be asked to fix?, Choices: (A) machine tool, (B) oil squeaky joints, (C) oil engine, (D) machine parts, (E) servicing airplane. Given the question 'If someone is a mechanic, what are likely issues they will be asked to fix?', which among the choices machine tool, oil squeaky joints, oil engine, machine parts servicing airplane is the correct answer? Explain your reasoning using conditional statements.
",
"If someone is agreeing with everybody they're bound to get caught in the middle, this can create more of a what?","['like', 'problem', 'harmony', 'peace', 'joyful']","Questions: If someone is agreeing with everybody they're bound to get caught in the middle, this can create more of a what?, Choices: (A) like, (B) problem, (C) harmony, (D) peace, (E) joyful. Given the question 'If someone is agreeing with everybody they're bound to get caught in the middle, this can create more of a what?', which among the choices like, problem, harmony, peace joyful is the correct answer? Explain your reasoning using conditional statements.
",
"If someone is aloof and self-important, what is their experience when meeting people?","['stress', 'nervousness', 'smile', 'being bored', 'making new friends']","Questions: If someone is aloof and self-important, what is their experience when meeting people?, Choices: (A) stress, (B) nervousness, (C) smile, (D) being bored, (E) making new friends. Given the question 'If someone is aloof and self-important, what is their experience when meeting people?', which among the choices stress, nervousness, smile, being bored making new friends is the correct answer? Explain your reasoning using conditional statements.
",.
"If someone is fiddling a fiddle at random, what song are they likely to play next?","['dancing about', 'unpredictable', 'being happy', 'troubles', 'they play cricket']","Questions: If someone is fiddling a fiddle at random, what song are they likely to play next?, Choices: (A) dancing about, (B) unpredictable, (C) being happy, (D) troubles, (E) they play cricket. Given the question 'If someone is fiddling a fiddle at random, what song are they likely to play next?', which among the choices dancing about, unpredictable, being happy, troubles they play cricket is the correct answer? Explain your reasoning using conditional statements.
","1. The correct answer is (B) unpredictable. If someone is fiddling a fiddle at random, they are not following any specific pattern or melody, so the next song they play is unpredictable. A conditional statement that explains this is: If someone is fiddling a fiddle at random, then the next song they play is unpredictable.

"
"If someone is fiddling a sad tune, what is the song likely about?","['troubles', 'unpredictable', 'joy', 'being happy', 'discovery']","Questions: If someone is fiddling a sad tune, what is the song likely about?, Choices: (A) troubles, (B) unpredictable, (C) joy, (D) being happy, (E) discovery. Given the question 'If someone is fiddling a sad tune, what is the song likely about?', which among the choices troubles, unpredictable, joy, being happy discovery is the correct answer? Explain your reasoning using conditional statements.
","2. The correct answer is (A) troubles. If someone is fiddling a sad tune, they are expressing their emotions through music, and sadness is usually associated with troubles or difficulties in life. A conditional statement that explains this is: If someone is fiddling a sad tune, then the song is likely about troubles.

"
"If someone is fiddling at a hoedown, how do they likely feel?","['being happy', 'frustrated', 'troubles', 'discovery', 'unpredictable']","Questions: If someone is fiddling at a hoedown, how do they likely feel?, Choices: (A) being happy, (B) frustrated, (C) troubles, (D) discovery, (E) unpredictable. Given the question 'If someone is fiddling at a hoedown, how do they likely feel?', which among the choices being happy, frustrated, troubles, discovery unpredictable is the correct answer? Explain your reasoning using conditional statements.
","3. The correct answer is (A) being happy. If someone is fiddling at a hoedown, they are participating in a lively and festive event, where people dance and enjoy themselves. Happiness is a natural emotion for such an occasion. A conditional statement that explains this is: If someone is fiddling at a hoedown, then they likely feel happy.

"
"If someone is looking at a ceiling for issues before putting down a rent deposit, where are they likely?","['house', 'classroom', 'loft', 'roof', 'chapel']","Questions: If someone is looking at a ceiling for issues before putting down a rent deposit, where are they likely?, Choices: (A) house, (B) classroom, (C) loft, (D) roof, (E) chapel. Given the question 'If someone is looking at a ceiling for issues before putting down a rent deposit, where are they likely?', which among the choices house, classroom, loft, roof chapel is the correct answer? Explain your reasoning using conditional statements.
","4. The correct answer is (A) house. If someone is looking at a ceiling for issues before putting down a rent deposit, they are inspecting a potential living space for any problems or damages that might affect their decision. A house is a common type of living space that has a ceiling and requires a rent deposit. A conditional statement that explains this is: If someone is looking at a ceiling for issues before putting down a rent deposit, then they are likely in a house.

"
"If someone is not able to reply to you, they could be?","['send', 'email', 'question', 'mute', 'deaf']","Questions: If someone is not able to reply to you, they could be?, Choices: (A) send, (B) email, (C) question, (D) mute, (E) deaf. Given the question 'If someone is not able to reply to you, they could be?', which among the choices send, email, question, mute deaf is the correct answer? Explain your reasoning using conditional statements.
","5. The correct answer is (D) mute or (E) deaf. If someone is not able to reply to you, they could have a physical or medical condition that prevents them from speaking or hearing. Muteness and deafness are two examples of such conditions. A conditional statement that explains this is: If someone is not able to reply to you, then they could be mute or deaf.

"
"If someone is quite crafty with needles they might have all sorts of hobbies like needlepoint, crocheting, or just plain what?","['sewing', 'sewing machine', 'art store', 'frame', 'livingroom']","Questions: If someone is quite crafty with needles they might have all sorts of hobbies like needlepoint, crocheting, or just plain what?, Choices: (A) sewing, (B) sewing machine, (C) art store, (D) frame, (E) livingroom. Given the question 'If someone is quite crafty with needles they might have all sorts of hobbies like needlepoint, crocheting, or just plain what?', which among the choices sewing, sewing machine, art store, frame livingroom is the correct answer? Explain your reasoning using conditional statements.
","6. The correct answer is (A) sewing. If someone is quite crafty with needles, they might have all sorts of hobbies that involve using needles to create or mend fabrics. Sewing is a general term that covers many types of needlework, such as needlepoint, crocheting, or quilting. A conditional statement that explains this is: If someone is quite crafty with needles, then they might have sewing as a hobby.

"
"If someone is sitting quietly and biting their nails, what may they be experiencing?","['relaxation', 'insights', 'anxiety', 'inspiration', 'contentment']","Questions: If someone is sitting quietly and biting their nails, what may they be experiencing?, Choices: (A) relaxation, (B) insights, (C) anxiety, (D) inspiration, (E) contentment. Given the question 'If someone is sitting quietly and biting their nails, what may they be experiencing?', which among the choices relaxation, insights, anxiety, inspiration contentment is the correct answer? Explain your reasoning using conditional statements.
","7. The correct answer is (C) anxiety. If someone is sitting quietly and biting their nails, they may be experiencing anxiety or nervousness. Nail biting is a common habit that people do when they are stressed or worried about something. A conditional statement that explains this is: If someone is sitting quietly and biting their nails, then they may be experiencing anxiety.

"
"If someone is talent but doesn't like performing, they probably suffer from what?","['injury', 'talent persons cannot suffer from injury and butterflies', 'anxiety', 'happiness', 'energetic']","Questions: If someone is talent but doesn't like performing, they probably suffer from what?, Choices: (A) injury, (B) talent persons cannot suffer from injury and butterflies, (C) anxiety, (D) happiness, (E) energetic. Given the question 'If someone is talent but doesn't like performing, they probably suffer from what?', which among the choices injury, talent persons cannot suffer from injury and butterflies, anxiety, happiness energetic is the correct answer? Explain your reasoning using conditional statements.
","8. The correct answer is (C) anxiety. If someone is talented but doesn't like performing, they probably suffer from anxiety or stage fright. Performing in front of an audience can be intimidating and stressful for some people, even if they have talent or skill. A conditional statement that explains this is: If someone is talented but doesn't like performing, then they probably suffer from anxiety.

"
"If someone is typing, what are they doing?","['letter', 'indeterminate', 'communicating', 'communication', 'sentences']","Questions: If someone is typing, what are they doing?, Choices: (A) letter, (B) indeterminate, (C) communicating, (D) communication, (E) sentences. Given the question 'If someone is typing, what are they doing?', which among the choices letter, indeterminate, communicating, communication sentences is the correct answer? Explain your reasoning using conditional statements.
","9. The correct answer is (C) communicating. If someone is typing, they are doing an activity that involves using a keyboard or a device to input text or symbols. The most common purpose of typing is to communicate with others, either through messages, emails, documents, or other forms of written communication. A conditional statement that explains this is: If someone is typing, then they are communicating.

"
"If someone is watching the professional Tigers play a game at a baseball field, where are they likely?","['japan or america', 'baseball stadium', 'inside', 'detroit', 'country']","Questions: If someone is watching the professional Tigers play a game at a baseball field, where are they likely?, Choices: (A) japan or america, (B) baseball stadium, (C) inside, (D) detroit, (E) country. Given the question 'If someone is watching the professional Tigers play a game at a baseball field, where are they likely?', which among the choices japan or america, baseball stadium, inside, detroit country is the correct answer? Explain your reasoning using conditional statements.
","10. The correct answer is (B) baseball stadium. If someone is watching the professional Tigers play a game at a baseball field, they are likely in a baseball stadium, which is a venue designed for hosting baseball games. There are two professional baseball teams named the Tigers, one in Japan and one in America, but they both play in baseball stadiums. A conditional statement that explains this is: If someone is watching the professional Tigers play a game at a baseball field, then they are likely in a baseball stadium."
"If someone saved up for a new bass, where would they go to get it?","['freshwater lake', 'seafood restaurant', 'music store', 'barbershop quartette', 'river']","Questions: If someone saved up for a new bass, where would they go to get it?, Choices: (A) freshwater lake, (B) seafood restaurant, (C) music store, (D) barbershop quartette, (E) river. Given the question 'If someone saved up for a new bass, where would they go to get it?', which among the choices freshwater lake, seafood restaurant, music store, barbershop quartette river is the correct answer? Explain your reasoning using conditional statements.
","1. The correct answer is (C) music store. A conditional statement is a statement that can be written in the form ""if p, then q"", where p is the hypothesis and q is the conclusion. A possible conditional statement for this question is: ""If someone saved up for a new bass, then they would go to a music store."" The hypothesis is ""someone saved up for a new bass"" and the conclusion is ""they would go to a music store"". The other choices do not make sense as conclusions, because they are either irrelevant or refer to a different meaning of bass (a fish).

"
"If someone wants a changing society, what do they need from their government?","['happiness for', 'give up', 'acceptance', 'cultural revolution', 'new laws']","Questions: If someone wants a changing society, what do they need from their government?, Choices: (A) happiness for, (B) give up, (C) acceptance, (D) cultural revolution, (E) new laws. Given the question 'If someone wants a changing society, what do they need from their government?', which among the choices happiness for, give up, acceptance, cultural revolution new laws is the correct answer? Explain your reasoning using conditional statements.
","2. The correct answer is (E) new laws. A possible conditional statement for this question is: ""If someone wants a changing society, then they need new laws from their government."" The hypothesis is ""someone wants a changing society"" and the conclusion is ""they need new laws from their government"". The other choices do not make sense as conclusions, because they are either vague, negative, or unrelated to the hypothesis.

"
"If someone was a huge art buff and wanted to see many a gallery in one trip, where might one suggest they visit?","['website', 'art museum', 'new york city', 'london', 'downtown area']","Questions: If someone was a huge art buff and wanted to see many a gallery in one trip, where might one suggest they visit?, Choices: (A) website, (B) art museum, (C) new york city, (D) london, (E) downtown area. Given the question 'If someone was a huge art buff and wanted to see many a gallery in one trip, where might one suggest they visit?', which among the choices website, art museum, new york city, london downtown area is the correct answer? Explain your reasoning using conditional statements.
","3. The correct answer is (D) London. A possible conditional statement for this question is: ""If someone was a huge art buff and wanted to see many a gallery in one trip, then they might visit London."" The hypothesis is ""someone was a huge art buff and wanted to see many a gallery in one trip"" and the conclusion is ""they might visit London"". The other choices do not make sense as conclusions, because they are either too general, too specific, or not known for having many art galleries.

"
"If someone was determined to curb their inability to save for retirement, they might want to look into the what?","['sidewalk', 'under the bed', 'street corner', 'city', 'stockmarket']","Questions: If someone was determined to curb their inability to save for retirement, they might want to look into the what?, Choices: (A) sidewalk, (B) under the bed, (C) street corner, (D) city, (E) stockmarket. Given the question 'If someone was determined to curb their inability to save for retirement, they might want to look into the what?', which among the choices sidewalk, under the bed, street corner, city stockmarket is the correct answer? Explain your reasoning using conditional statements.
","4. The correct answer is (E) stock market. A possible conditional statement for this question is: ""If someone was determined to curb their inability to save for retirement, then they might want to look into the stock market."" The hypothesis is ""someone was determined to curb their inability to save for retirement"" and the conclusion is ""they might want to look into the stock market"". The other choices do not make sense as conclusions, because they are either irrelevant, nonsensical, or unhelpful for saving money.

"
"If someone was in much pain they may need medicine, they would probably go where?","['pharmacy or medicine cabinet', 'hospital', 'bathroom', 'jar', 'mug']","Questions: If someone was in much pain they may need medicine, they would probably go where?, Choices: (A) pharmacy or medicine cabinet, (B) hospital, (C) bathroom, (D) jar, (E) mug. Given the question 'If someone was in much pain they may need medicine, they would probably go where?', which among the choices pharmacy or medicine cabinet, hospital, bathroom, jar mug is the correct answer? Explain your reasoning using conditional statements.
","5. The correct answer is (A) pharmacy or medicine cabinet. A possible conditional statement for this question is: ""If someone was in much pain and needed medicine, then they would probably go to a pharmacy or a medicine cabinet."" The hypothesis is ""someone was in much pain and needed medicine"" and the conclusion is ""they would probably go to a pharmacy or a medicine cabinet"". The other choices do not make sense as conclusions, because they are either unrelated, inappropriate, or ineffective for getting medicine.

"
"If something attempted to destroy something but didn't fully succeed, then one might be able to do what to it afterwards?","['demolish object', 'repair', 'fix', 'create', 'construct']","Questions: If something attempted to destroy something but didn't fully succeed, then one might be able to do what to it afterwards?, Choices: (A) demolish object, (B) repair, (C) fix, (D) create, (E) construct. Given the question 'If something attempted to destroy something but didn't fully succeed, then one might be able to do what to it afterwards?', which among the choices demolish object, repair, fix, create construct is the correct answer? Explain your reasoning using conditional statements.
","6. The correct answer is (B) repair or (C) fix. A possible conditional statement for this question is: ""If something attempted to destroy something but didn't fully succeed, then one might be able to repair or fix it afterwards."" The hypothesis is ""something attempted to destroy something but didn't fully succeed"" and the conclusion is ""one might be able to repair or fix it afterwards"". The other choices do not make sense as conclusions, because they are either redundant, opposite, or irrelevant to the hypothesis.

"
"If something is dull, what would it be after you fixed it?","['sharp', 'bright', 'exciting', 'interesting', 'intelligent']","Questions: If something is dull, what would it be after you fixed it?, Choices: (A) sharp, (B) bright, (C) exciting, (D) interesting, (E) intelligent. Given the question 'If something is dull, what would it be after you fixed it?', which among the choices sharp, bright, exciting, interesting intelligent is the correct answer? Explain your reasoning using conditional statements.
","7. The correct answer depends on the context and the meaning of dull. If dull means not sharp, then the correct answer is (A) sharp. If dull means not bright, then the correct answer is (B) bright. If dull means not exciting, then the correct answer is (C) exciting. If dull means not interesting, then the correct answer is (D) interesting. If dull means not intelligent, then the correct answer is (E) intelligent. A possible conditional statement for each case is:

- ""If something is dull and not sharp, then it would be sharp after you fixed it.""
- ""If something is dull and not bright, then it would be bright after you fixed it.""
- ""If something is dull and not exciting, then it would be exciting after you fixed it.""
- ""If something is dull and not interesting, then it would be interesting after you fixed it.""
- ""If something is dull and not intelligent, then it would be intelligent after you fixed it.""

The hypothesis is ""something is dull and not X"" and the conclusion is ""it would be X after you fixed it"". The other choices do not make sense as conclusions, because they are either unrelated or contradictory to the hypothesis.

"
"If something is obtuse, what couldn't it be?","['bright', 'pointed', 'correct', 'acute angled', 'clear']","Questions: If something is obtuse, what couldn't it be?, Choices: (A) bright, (B) pointed, (C) correct, (D) acute angled, (E) clear. Given the question 'If something is obtuse, what couldn't it be?', which among the choices bright, pointed, correct, acute angled clear is the correct answer? Explain your reasoning using conditional statements.
","8. The correct answer is (D) acute angled. A possible conditional statement for this question is: ""If something is obtuse, then it couldn't be acute angled."" The hypothesis is ""something is obtuse"" and the conclusion is ""it couldn't be acute angled"". The other choices do not make sense as conclusions, because they are either unrelated or compatible with the hypothesis. Obtuse can mean either blunt or slow-witted, but neither of those imply that something couldn't be bright, pointed, correct, or clear.

"
"If something is occurring at an altar, what might the occasion be?","['praying', 'temple', 'church services', 'ceremony', 'sanctuary']","Questions: If something is occurring at an altar, what might the occasion be?, Choices: (A) praying, (B) temple, (C) church services, (D) ceremony, (E) sanctuary. Given the question 'If something is occurring at an altar, what might the occasion be?', which among the choices praying, temple, church services, ceremony sanctuary is the correct answer? Explain your reasoning using conditional statements.
","9. The correct answer is (D) ceremony. A possible conditional statement for this question is: ""If something is occurring at an altar, then it might be a ceremony."" The hypothesis is ""something is occurring at an altar"" and the conclusion is ""it might be a ceremony"". The other choices do not make sense as conclusions, because they are either too general, too specific, or not necessarily related to an altar. An altar is a table or platform used for religious or ritual purposes, and a ceremony is a formal act or event that marks a special occasion or honors something or someone.

"
"If something is very hard but you just manage to be able to do it, it can be called what?","['controvertible', 'interesting', 'easy', 'agreeable', 'bearable']","Questions: If something is very hard but you just manage to be able to do it, it can be called what?, Choices: (A) controvertible, (B) interesting, (C) easy, (D) agreeable, (E) bearable. Given the question 'If something is very hard but you just manage to be able to do it, it can be called what?', which among the choices controvertible, interesting, easy, agreeable bearable is the correct answer? Explain your reasoning using conditional statements.
","10. The correct answer is (E) bearable. A possible conditional statement for this question is: ""If something is very hard but you just manage to be able to do it, then it can be called bearable."" The hypothesis is ""something is very hard but you just manage to be able to do it"" and the conclusion is ""it can be called bearable"". The other choices do not make sense as conclusions, because they are either unrelated, opposite, or too strong for the hypothesis. Bearable means something that can be endured or tolerated, which fits the scenario of doing something very hard but just managing to do it."
"If something isn't plain but has adornments, what is it called?","['bells and whistles', 'fancy', 'exotic', 'decorative', 'extravagant']","Questions: If something isn't plain but has adornments, what is it called?, Choices: (A) bells and whistles, (B) fancy, (C) exotic, (D) decorative, (E) extravagant. Given the question 'If something isn't plain but has adornments, what is it called?', which among the choices bells and whistles, fancy, exotic, decorative extravagant is the correct answer? Explain your reasoning using conditional statements.
","1. The correct answer is **(B) fancy**. A conditional statement is a statement that can be written in the form ""if p, then q"", where p is the hypothesis and q is the conclusion. A possible conditional statement for this question is: ""If something has adornments, then it is fancy."" The converse, inverse, and contrapositive of this statement are also true.

"
"If something's weight isn't light, what is it?","['crucial', 'darkness', 'cumbersome', 'heavy', 'darkness']","Questions: If something's weight isn't light, what is it?, Choices: (A) crucial, (B) darkness, (C) cumbersome, (D) heavy, (E) darkness. Given the question 'If something's weight isn't light, what is it?', which among the choices crucial, darkness, cumbersome, heavy darkness is the correct answer? Explain your reasoning using conditional statements.
","2. The correct answer is **(D) heavy**. A possible conditional statement for this question is: ""If something's weight is not light, then it is heavy."" The converse, inverse, and contrapositive of this statement are also true.

"
"If spend time finding information on operating something, what do you hope to acheive?","['being able to use', 'know how to act', 'full capacity', 'solution to problem', 'gaining knowledge']","Questions: If spend time finding information on operating something, what do you hope to acheive?, Choices: (A) being able to use, (B) know how to act, (C) full capacity, (D) solution to problem, (E) gaining knowledge. Given the question 'If spend time finding information on operating something, what do you hope to acheive?', which among the choices being able to use, know how to act, full capacity, solution to problem gaining knowledge is the correct answer? Explain your reasoning using conditional statements.
","3. The correct answer is **(A) being able to use**. A possible conditional statement for this question is: ""If you spend time finding information on operating something, then you hope to be able to use it."" The converse, inverse, and contrapositive of this statement are also true.

"
"If student work hard, how would they be expected to perform?","['excel in soccer', 'do well', 'read books', 'amount to', 'better comprehension']","Questions: If student work hard, how would they be expected to perform?, Choices: (A) excel in soccer, (B) do well, (C) read books, (D) amount to, (E) better comprehension. Given the question 'If student work hard, how would they be expected to perform?', which among the choices excel in soccer, do well, read books, amount to better comprehension is the correct answer? Explain your reasoning using conditional statements.
","4. The correct answer is **(B) do well**. A possible conditional statement for this question is: ""If students work hard, then they are expected to do well."" The converse, inverse, and contrapositive of this statement are also true.

"
"If the captain of a crew was going to an arena, what type of crew would he be in?","['battleship', 'airplane cabin', 'military', 'basketball team', 'solider']","Questions: If the captain of a crew was going to an arena, what type of crew would he be in?, Choices: (A) battleship, (B) airplane cabin, (C) military, (D) basketball team, (E) solider. Given the question 'If the captain of a crew was going to an arena, what type of crew would he be in?', which among the choices battleship, airplane cabin, military, basketball team solider is the correct answer? Explain your reasoning using conditional statements.
","5. The correct answer is **(D) basketball team**. A possible conditional statement for this question is: ""If the captain of a crew is going to an arena, then the crew is a basketball team."" The converse, inverse, and contrapositive of this statement are also true.

"
"If the recipe called for a potato, where could you get one along with other ingredients?","['pantry', ""farmer's field"", 'cellar', 'food market', 'soil']","Questions: If the recipe called for a potato, where could you get one along with other ingredients?, Choices: (A) pantry, (B) farmer's field, (C) cellar, (D) food market, (E) soil. Given the question 'If the recipe called for a potato, where could you get one along with other ingredients?', which among the choices pantry, farmer's field, cellar, food market soil is the correct answer? Explain your reasoning using conditional statements.
","6. The correct answer is **(D) food market**. A possible conditional statement for this question is: ""If the recipe calls for a potato, then you can get one along with other ingredients at the food market."" The converse, inverse, and contrapositive of this statement are also true.

"
"If the temperature was really high, what is a likely reason for awaking in the middle of the night and being unable to fall back asleep?","['having to pee', 'discomfort', 'depression', 'irritability', 'shock']","Questions: If the temperature was really high, what is a likely reason for awaking in the middle of the night and being unable to fall back asleep?, Choices: (A) having to pee, (B) discomfort, (C) depression, (D) irritability, (E) shock. Given the question 'If the temperature was really high, what is a likely reason for awaking in the middle of the night and being unable to fall back asleep?', which among the choices having to pee, discomfort, depression, irritability shock is the correct answer? Explain your reasoning using conditional statements.
","7. The correct answer is **(B) discomfort**. A possible conditional statement for this question is: ""If the temperature is really high, then a likely reason for awaking in the middle of the night and being unable to fall back asleep is discomfort."" The converse, inverse, and contrapositive of this statement are also true.

"
"If the vegetable plants needed watering, you might want to get the hose out of the what?","['balcony', 'greenhouse', 'garden shed', 'hardware store', 'garage']","Questions: If the vegetable plants needed watering, you might want to get the hose out of the what?, Choices: (A) balcony, (B) greenhouse, (C) garden shed, (D) hardware store, (E) garage. Given the question 'If the vegetable plants needed watering, you might want to get the hose out of the what?', which among the choices balcony, greenhouse, garden shed, hardware store garage is the correct answer? Explain your reasoning using conditional statements.
","8. The correct answer is **(C) garden shed**. A possible conditional statement for this question is: ""If the vegetable plants need watering, then you might want to get the hose out of the garden shed."" The converse, inverse, and contrapositive of this statement are also true.

"
"If the weather means you what, so do your animals?","['travel', 'get cold', 'feel pain', 'move', 'electrical circuit']","Questions: If the weather means you what, so do your animals?, Choices: (A) travel, (B) get cold, (C) feel pain, (D) move, (E) electrical circuit. Given the question 'If the weather means you what, so do your animals?', which among the choices travel, get cold, feel pain, move electrical circuit is the correct answer? Explain your reasoning using conditional statements.
","9. The correct answer is **(B) get cold**. A possible conditional statement for this question is: ""If the weather means you get cold, then so do your animals."" The converse, inverse, and contrapositive of this statement are also true.

"
"If the world is materials, what is it made out of?","['fabric store', 'ideas', 'anything', 'physical world', 'science lab']","Questions: If the world is materials, what is it made out of?, Choices: (A) fabric store, (B) ideas, (C) anything, (D) physical world, (E) science lab. Given the question 'If the world is materials, what is it made out of?', which among the choices fabric store, ideas, anything, physical world science lab is the correct answer? Explain your reasoning using conditional statements.
","10. The correct answer is **(D) physical world**. A possible conditional statement for this question is: ""If the world is materials, then it is made out of the physical world."" The converse, inverse, and contrapositive of this statement are also true.

I hope this helps you understand conditional statements better. "
"If there are people watching a priest, what is he doing?","['on trial', 'drink coffee', 'believe in god', 'baptise', 'say mass']","Questions: If there are people watching a priest, what is he doing?, Choices: (A) on trial, (B) drink coffee, (C) believe in god, (D) baptise, (E) say mass. Given the question 'If there are people watching a priest, what is he doing?', which among the choices on trial, drink coffee, believe in god, baptise say mass is the correct answer? Explain your reasoning using conditional statements.
","1. The correct answer is **(E) say mass**. A possible conditional statement is: If there are people watching a priest, then he is likely to say mass. This statement means that saying mass is a common activity that priests do in front of people, such as in a church. The other choices are not very likely or relevant to the condition of people watching a priest.

"
"If there is a bird at my window, what is it likely sitting on?","['cage', 'forest', 'a ledge', 'windowsill', 'countryside']","Questions: If there is a bird at my window, what is it likely sitting on?, Choices: (A) cage, (B) forest, (C) a ledge, (D) windowsill, (E) countryside. Given the question 'If there is a bird at my window, what is it likely sitting on?', which among the choices cage, forest, a ledge, windowsill countryside is the correct answer? Explain your reasoning using conditional statements.
","2. The correct answer is **(D) windowsill**. A possible conditional statement is: If there is a bird at my window, then it is likely sitting on a windowsill. This statement means that a windowsill is a convenient and accessible place for a bird to perch near a window. The other choices are not very likely or relevant to the condition of a bird at my window.

"
"If there is a creature that you cannot see, where is it likely to be?","['dark place', 'world', 'zoo', 'in a cage', 'woods']","Questions: If there is a creature that you cannot see, where is it likely to be?, Choices: (A) dark place, (B) world, (C) zoo, (D) in a cage, (E) woods. Given the question 'If there is a creature that you cannot see, where is it likely to be?', which among the choices dark place, world, zoo, in a cage woods is the correct answer? Explain your reasoning using conditional statements.
","3. The correct answer is **(A) dark place**. A possible conditional statement is: If there is a creature that I cannot see, then it is likely to be in a dark place. This statement means that a dark place is a possible reason why I cannot see a creature, such as under a bed or in a closet. The other choices are not very likely or relevant to the condition of a creature that I cannot see.

"
"If there is a pond with nobody nearby, where is it likely located?","['rural area', 'meadow', 'forest side', 'countryside', 'forest']","Questions: If there is a pond with nobody nearby, where is it likely located?, Choices: (A) rural area, (B) meadow, (C) forest side, (D) countryside, (E) forest. Given the question 'If there is a pond with nobody nearby, where is it likely located?', which among the choices rural area, meadow, forest side, countryside forest is the correct answer? Explain your reasoning using conditional statements.
","4. The correct answer is **(E) forest**. A possible conditional statement is: If there is a pond with nobody nearby, then it is likely located in a forest. This statement means that a forest is a natural and secluded place where a pond can exist without many people around. The other choices are not very likely or relevant to the condition of a pond with nobody nearby.

"
"If there is a pond with tall building around it, where is it unlikely to be?","['town', 'forest', 'countryside', 'rural area', 'park']","Questions: If there is a pond with tall building around it, where is it unlikely to be?, Choices: (A) town, (B) forest, (C) countryside, (D) rural area, (E) park. Given the question 'If there is a pond with tall building around it, where is it unlikely to be?', which among the choices town, forest, countryside, rural area park is the correct answer? Explain your reasoning using conditional statements.
","5. The correct answer is **(B) forest**. A possible conditional statement is: If there is a pond with tall buildings around it, then it is unlikely to be in a forest. This statement means that a forest is a place where tall buildings are rare or nonexistent, so a pond surrounded by tall buildings is not likely to be in a forest. The other choices are not very unlikely or irrelevant to the condition of a pond with tall buildings around it.

"
"If there is a stale smell in the air coming from the kitchen, what should one check for the source of the smell?","['bathroom', 'house', 'cupboard', 'space shuttle', 'surface of earth']","Questions: If there is a stale smell in the air coming from the kitchen, what should one check for the source of the smell?, Choices: (A) bathroom, (B) house, (C) cupboard, (D) space shuttle, (E) surface of earth. Given the question 'If there is a stale smell in the air coming from the kitchen, what should one check for the source of the smell?', which among the choices bathroom, house, cupboard, space shuttle surface of earth is the correct answer? Explain your reasoning using conditional statements.
","6. The correct answer is **(C) cupboard**. A possible conditional statement is: If there is a stale smell in the air coming from the kitchen, then I should check the cupboard for the source of the smell. This statement means that a cupboard is a place where food items can be stored and forgotten, and they can produce a stale smell over time. The other choices are not very likely or relevant to the condition of a stale smell in the air coming from the kitchen.

"
"If there is something you have to accomplish in a short amount of time, how could you be successful?","['make haste', 'make trouble', 'make lunch', 'make war', 'make progress']","Questions: If there is something you have to accomplish in a short amount of time, how could you be successful?, Choices: (A) make haste, (B) make trouble, (C) make lunch, (D) make war, (E) make progress. Given the question 'If there is something you have to accomplish in a short amount of time, how could you be successful?', which among the choices make haste, make trouble, make lunch, make war make progress is the correct answer? Explain your reasoning using conditional statements.
","7. The correct answer is **(E) make progress**. A possible conditional statement is: If there is something I have to accomplish in a short amount of time, then I should make progress towards my goal. This statement means that making progress is a way to measure and achieve success in a limited time frame. The other choices are not very helpful or relevant to the condition of having something to accomplish in a short amount of time.

"
"If they were celebrating the occasion, how could the occasion be described?","['drinking', 'intimacy', 'dancing', 'happiness', 'enjoyment']","Questions: If they were celebrating the occasion, how could the occasion be described?, Choices: (A) drinking, (B) intimacy, (C) dancing, (D) happiness, (E) enjoyment. Given the question 'If they were celebrating the occasion, how could the occasion be described?', which among the choices drinking, intimacy, dancing, happiness enjoyment is the correct answer? Explain your reasoning using conditional statements.
","8. The correct answer is **(D) happiness**. A possible conditional statement is: If they were celebrating the occasion, then the occasion could be described as happiness. This statement means that happiness is a common emotion that people feel when they celebrate something, such as a birthday or an anniversary. The other choices are not very descriptive or relevant to the condition of celebrating the occasion.

"
"If they weren't sightseeing, why were they diving through the cave?","['wetness', 'get wet', 'exhilaration', 'going somewhere', 'to get to the other side']","Questions: If they weren't sightseeing, why were they diving through the cave?, Choices: (A) wetness, (B) get wet, (C) exhilaration, (D) going somewhere, (E) to get to the other side. Given the question 'If they weren't sightseeing, why were they diving through the cave?', which among the choices wetness, get wet, exhilaration, going somewhere to get to the other side is the correct answer? Explain your reasoning using conditional statements.
","9. The correct answer is **(C) exhilaration**. A possible conditional statement is: If they weren't sightseeing, then they were diving through the cave for exhilaration. This statement means that exhilaration is a possible motive that people have for diving through a cave, as it can be a thrilling and adventurous activity. The other choices are not very likely or relevant to the condition of not sightseeing.

"
"If two groups of people want to vacation somewhere else for free, what can they do?","['trade places', 'make lists', 'talk to each other', 'hurry along', 'believe in god']","Questions: If two groups of people want to vacation somewhere else for free, what can they do?, Choices: (A) trade places, (B) make lists, (C) talk to each other, (D) hurry along, (E) believe in god. Given the question 'If two groups of people want to vacation somewhere else for free, what can they do?', which among the choices trade places, make lists, talk to each other, hurry along believe in god is the correct answer? Explain your reasoning using conditional statements.
","10. The correct answer is **(A) trade places**. A possible conditional statement is: If two groups of people want to vacation somewhere else for free, then they can trade places with each other. This statement means that trading places is a way to experience a different location without paying any money, as long as both groups agree and have suitable accommodations. The other choices are not very effective or relevant to the condition of wanting to vacation somewhere else for free."
"If two men are competing, why don't they like each other?","['rivalry', 'winning or losing', 'accomplishment', 'achievements', 'death']","Questions: If two men are competing, why don't they like each other?, Choices: (A) rivalry, (B) winning or losing, (C) accomplishment, (D) achievements, (E) death. Given the question 'If two men are competing, why don't they like each other?', which among the choices rivalry, winning or losing, accomplishment, achievements death is the correct answer? Explain your reasoning using conditional statements.
","1. The correct answer is (A) rivalry. A possible explanation is: If two men are competing, then they have a rivalry. A rivalry is a state of competition or conflict between two or more parties who are trying to achieve a similar goal or outcome. Therefore, if two men have a rivalry, they may not like each other.

"
"If two people are walking into a house, what do they plan to do?","['talk to each other', 'sleep together', 'need each other', 'own things', 'have fun']","Questions: If two people are walking into a house, what do they plan to do?, Choices: (A) talk to each other, (B) sleep together, (C) need each other, (D) own things, (E) have fun. Given the question 'If two people are walking into a house, what do they plan to do?', which among the choices talk to each other, sleep together, need each other, own things have fun is the correct answer? Explain your reasoning using conditional statements.
","2. The correct answer is (E) have fun. A possible explanation is: If two people are walking into a house, then they plan to have fun. Having fun is a general term that can mean enjoying oneself, engaging in leisure activities, or having a good time. Therefore, if two people plan to have fun, they may walk into a house.

"
"If want to drink something politely, what vessel should I use?","['use glass', 'open mouth', 'eat first', 'buy alcohol', 'coffee mug']","Questions: If want to drink something politely, what vessel should I use?, Choices: (A) use glass, (B) open mouth, (C) eat first, (D) buy alcohol, (E) coffee mug. Given the question 'If want to drink something politely, what vessel should I use?', which among the choices use glass, open mouth, eat first, buy alcohol coffee mug is the correct answer? Explain your reasoning using conditional statements.
","3. The correct answer is (A) use glass. A possible explanation is: If you want to drink something politely, then you use glass. Using glass is a common way of drinking liquids in a civilized manner, without spilling or making noise. Therefore, if you use glass, you drink something politely.

"
"If you are chatting with friends, and you think the same thing as what your friends say, what has happened?","['communication', 'answers', 'magic', 'happiness', 'agreement']","Questions: If you are chatting with friends, and you think the same thing as what your friends say, what has happened?, Choices: (A) communication, (B) answers, (C) magic, (D) happiness, (E) agreement. Given the question 'If you are chatting with friends, and you think the same thing as what your friends say, what has happened?', which among the choices communication, answers, magic, happiness agreement is the correct answer? Explain your reasoning using conditional statements.
","4. The correct answer is (E) agreement. A possible explanation is: If you are chatting with friends, and you think the same thing as what your friends say, then you have an agreement. An agreement is a situation where two or more parties share the same opinion, idea, or belief. Therefore, if you have an agreement, you think the same thing as what your friends say.

"
"If you are chewing food, what broader activity would you be participating in?","['grinding food', 'avoiding choking', 'eating', 'good digestion', 'sore mouth']","Questions: If you are chewing food, what broader activity would you be participating in?, Choices: (A) grinding food, (B) avoiding choking, (C) eating, (D) good digestion, (E) sore mouth. Given the question 'If you are chewing food, what broader activity would you be participating in?', which among the choices grinding food, avoiding choking, eating, good digestion sore mouth is the correct answer? Explain your reasoning using conditional statements.
","5. The correct answer is (C) eating. A possible explanation is: If you are chewing food, then you are eating. Eating is a broader activity that involves consuming food for nourishment, pleasure, or survival. Therefore, if you are eating, you are chewing food.

"
"If you are cleaning house, what will happen to it?","['neatness', 'exhaustion', 'sneezing', 'order', 'clutter']","Questions: If you are cleaning house, what will happen to it?, Choices: (A) neatness, (B) exhaustion, (C) sneezing, (D) order, (E) clutter. Given the question 'If you are cleaning house, what will happen to it?', which among the choices neatness, exhaustion, sneezing, order clutter is the correct answer? Explain your reasoning using conditional statements.
","6. The correct answer is (D) order. A possible explanation is: If you are cleaning house, then you create order. Order is a state of tidiness, organization, or harmony in a space or system. Therefore, if you create order, you are cleaning house.

"
"If you are deep in a cave, what would you follow to find your way out?","['deepfelt', 'light', 'high', 'frivolous', 'mountain']","Questions: If you are deep in a cave, what would you follow to find your way out?, Choices: (A) deepfelt, (B) light, (C) high, (D) frivolous, (E) mountain. Given the question 'If you are deep in a cave, what would you follow to find your way out?', which among the choices deepfelt, light, high, frivolous mountain is the correct answer? Explain your reasoning using conditional statements.
","7. The correct answer is (B) light. A possible explanation is: If you are deep in a cave, then you follow light. Light is a form of electromagnetic radiation that is visible to the human eye and can illuminate dark areas. Therefore, if you follow light, you can find your way out of a cave.

"
"If you are enjoying sunshine on the beach, what do you likely have views of?","['windowsill', 'sunbathers', 'disneyland', 'sea', 'summer']","Questions: If you are enjoying sunshine on the beach, what do you likely have views of?, Choices: (A) windowsill, (B) sunbathers, (C) disneyland, (D) sea, (E) summer. Given the question 'If you are enjoying sunshine on the beach, what do you likely have views of?', which among the choices windowsill, sunbathers, disneyland, sea summer is the correct answer? Explain your reasoning using conditional statements.
","8. The correct answer is (D) sea. A possible explanation is: If you are enjoying sunshine on the beach, then you have views of the sea. The sea is a large body of salt water that covers most of the Earth's surface and is adjacent to the land. Therefore, if you have views of the sea, you are on the beach.

"
"If you are fiddling through a music book when you should be playing, you probably dont have?","['practice', 'dexterity', 'idle time', 'knowledge of music', 'conductor']","Questions: If you are fiddling through a music book when you should be playing, you probably dont have?, Choices: (A) practice, (B) dexterity, (C) idle time, (D) knowledge of music, (E) conductor. Given the question 'If you are fiddling through a music book when you should be playing, you probably dont have?', which among the choices practice, dexterity, idle time, knowledge of music conductor is the correct answer? Explain your reasoning using conditional statements.
","9. The correct answer is (D) knowledge of music. A possible explanation is: If you are fiddling through a music book when you should be playing, then you lack knowledge of music. Knowledge of music is the understanding of the elements, principles, and techniques of music, such as notes, rhythms, chords, scales, etc. Therefore, if you lack knowledge of music, you may fiddle through a music book instead of playing.

"
"If you are in your house, where is the sunshine likely to come through?","['windowsill', 'sea', 'disneyland', 'curtain', 'street']","Questions: If you are in your house, where is the sunshine likely to come through?, Choices: (A) windowsill, (B) sea, (C) disneyland, (D) curtain, (E) street. Given the question 'If you are in your house, where is the sunshine likely to come through?', which among the choices windowsill, sea, disneyland, curtain street is the correct answer? Explain your reasoning using conditional statements.
","10. The correct answer is (A) windowsill. A possible explanation is: If you are in your house, then the sunshine comes through the windowsill. The windowsill is the horizontal ledge at the bottom of a window that can let in natural light from outside. Therefore, if the sunshine comes through the windowsill, you are in your house."
"If you are playing basketball for a long period of time, what is likely to cover your shirt?","['make baskets', 'dribbling', 'sweat', 'fall down', 'work together']","Questions: If you are playing basketball for a long period of time, what is likely to cover your shirt?, Choices: (A) make baskets, (B) dribbling, (C) sweat, (D) fall down, (E) work together. Given the question 'If you are playing basketball for a long period of time, what is likely to cover your shirt?', which among the choices make baskets, dribbling, sweat, fall down work together is the correct answer? Explain your reasoning using conditional statements.
","1. The correct answer is (C) sweat. A possible conditional statement is: If you are playing basketball for a long period of time, then sweat is likely to cover your shirt. This is because playing basketball is a physical activity that causes your body to produce sweat to cool down.

"
"If you are playing poker, what are you doing?","['recreation', 'losing money', 'game playing', 'distributing cards', 'fun']","Questions: If you are playing poker, what are you doing?, Choices: (A) recreation, (B) losing money, (C) game playing, (D) distributing cards, (E) fun. Given the question 'If you are playing poker, what are you doing?', which among the choices recreation, losing money, game playing, distributing cards fun is the correct answer? Explain your reasoning using conditional statements.
","2. The correct answer is (C) game playing. A possible conditional statement is: If you are playing poker, then you are game playing. This is because poker is a type of game that involves cards, bets, and strategies.

"
"If you are prescribed an antibiotic by your doctor, where would you go to get it?","['doctor', 'prescribed', 'pharmacy', 'medicine cabinet', 'capsule']","Questions: If you are prescribed an antibiotic by your doctor, where would you go to get it?, Choices: (A) doctor, (B) prescribed, (C) pharmacy, (D) medicine cabinet, (E) capsule. Given the question 'If you are prescribed an antibiotic by your doctor, where would you go to get it?', which among the choices doctor, prescribed, pharmacy, medicine cabinet capsule is the correct answer? Explain your reasoning using conditional statements.
","3. The correct answer is (C) pharmacy. A possible conditional statement is: If you are prescribed an antibiotic by your doctor, then you would go to a pharmacy to get it. This is because a pharmacy is a place where you can buy prescribed medicines.

"
"If you aren't experiencing curiosity and want to ensure viewing enjoyment, what may you watch?","['examine thing', 'stare into a mirror', 'go somewhere', 'hear news', 'see favorite show']","Questions: If you aren't experiencing curiosity and want to ensure viewing enjoyment, what may you watch?, Choices: (A) examine thing, (B) stare into a mirror, (C) go somewhere, (D) hear news, (E) see favorite show. Given the question 'If you aren't experiencing curiosity and want to ensure viewing enjoyment, what may you watch?', which among the choices examine thing, stare into a mirror, go somewhere, hear news see favorite show is the correct answer? Explain your reasoning using conditional statements.
","4. The correct answer is (E) see favorite show. A possible conditional statement is: If you aren't experiencing curiosity and want to ensure viewing enjoyment, then you may watch your favorite show. This is because watching your favorite show is likely to make you happy and entertained.

"
"If you aren't glad, unhappy or gloomy, what illness may you have?","['depressed', 'downcast', 'angry', 'unhappy', 'sorrowful']","Questions: If you aren't glad, unhappy or gloomy, what illness may you have?, Choices: (A) depressed, (B) downcast, (C) angry, (D) unhappy, (E) sorrowful. Given the question 'If you aren't glad, unhappy or gloomy, what illness may you have?', which among the choices depressed, downcast, angry, unhappy sorrowful is the correct answer? Explain your reasoning using conditional statements.
","5. The correct answer is (A) depressed. A possible conditional statement is: If you aren't glad, unhappy or gloomy, then you may have depression. This is because depression is a mental illness that affects your mood and emotions.

"
"If you ate some spicy food, what could happen to you?","['medium', 'illness', 'throwing up', 'heartburn', 'sleepiness']","Questions: If you ate some spicy food, what could happen to you?, Choices: (A) medium, (B) illness, (C) throwing up, (D) heartburn, (E) sleepiness. Given the question 'If you ate some spicy food, what could happen to you?', which among the choices medium, illness, throwing up, heartburn sleepiness is the correct answer? Explain your reasoning using conditional statements.
","6. The correct answer is (D) heartburn. A possible conditional statement is: If you ate some spicy food, then you could experience heartburn. This is because spicy food can irritate your stomach and esophagus, causing a burning sensation in your chest.

"
"If you ate some turkey, what could happen to you?","['indigestion', 'sleepiness', 'thanksgiving', 'throwing up', 'heartburn']","Questions: If you ate some turkey, what could happen to you?, Choices: (A) indigestion, (B) sleepiness, (C) thanksgiving, (D) throwing up, (E) heartburn. Given the question 'If you ate some turkey, what could happen to you?', which among the choices indigestion, sleepiness, thanksgiving, throwing up heartburn is the correct answer? Explain your reasoning using conditional statements.
","7. The correct answer is (B) sleepiness. A possible conditional statement is: If you ate some turkey, then you could feel sleepy. This is because turkey contains tryptophan, an amino acid that helps produce serotonin, a chemical that regulates sleep.

"
"If you awake but are not fully ready to be up, what are you likely to do?","['stretch', 'yawn', 'sneezing', 'have fun', 'cough']","Questions: If you awake but are not fully ready to be up, what are you likely to do?, Choices: (A) stretch, (B) yawn, (C) sneezing, (D) have fun, (E) cough. Given the question 'If you awake but are not fully ready to be up, what are you likely to do?', which among the choices stretch, yawn, sneezing, have fun cough is the correct answer? Explain your reasoning using conditional statements.
","8. The correct answer is (B) yawn. A possible conditional statement is: If you awake but are not fully ready to be up, then you are likely to yawn. This is because yawning is a reflex that helps you breathe more oxygen and stimulate your brain.

"
"If you buying a potato, carrots, strawberries and bananas, how would you carry them home?","['restaurants', 'shopping bags', 'two wheels', 'vegetable soup', 'exhaust pipe']","Questions: If you buying a potato, carrots, strawberries and bananas, how would you carry them home?, Choices: (A) restaurants, (B) shopping bags, (C) two wheels, (D) vegetable soup, (E) exhaust pipe. Given the question 'If you buying a potato, carrots, strawberries and bananas, how would you carry them home?', which among the choices restaurants, shopping bags, two wheels, vegetable soup exhaust pipe is the correct answer? Explain your reasoning using conditional statements.
","9. The correct answer is (B) shopping bags. A possible conditional statement is: If you are buying a potato, carrots, strawberries and bananas, then you would carry them home in shopping bags. This is because shopping bags are convenient and reusable items that can hold groceries.

"
"If you cannot see a cloud because it is too dark, what can you distinguish?","['night or day', 'weather report', 'rain or sun light', 'atmosphere', 'blue sky']","Questions: If you cannot see a cloud because it is too dark, what can you distinguish?, Choices: (A) night or day, (B) weather report, (C) rain or sun light, (D) atmosphere, (E) blue sky. Given the question 'If you cannot see a cloud because it is too dark, what can you distinguish?', which among the choices night or day, weather report, rain or sun light, atmosphere blue sky is the correct answer? Explain your reasoning using conditional statements.
","10. The correct answer is (A) night or day. A possible conditional statement is: If you cannot see a cloud because it is too dark, then you can distinguish night or day. This is because night and day are determined by the presence or absence of sunlight, which is independent of clouds."
