premise,hypothesis,rationale,prompt
"If you get your paper back marked with corrections, where are you?","['classroom', 'conference', 'bench', 'cabinet', 'notebook']","1. The correct answer is **(A) classroom**. A classroom is a place where students learn from teachers and receive feedback on their work. If you get your paper back marked with corrections, it means that your teacher has checked your paper and pointed out the mistakes or areas of improvement. This is a common scenario in a classroom setting.

","Questions: If you get your paper back marked with corrections, where are you?, Choices: (A) classroom, (B) conference, (C) bench, (D) cabinet, (E) notebook. What is the correct answer to the question 'If you get your paper back marked with corrections, where are you?' with the options classroom, conference, bench, cabinet notebook? Provide a straightforward explanation. 
"
"If you got a job as an undercover shopper you would buy products, then after doing a review you would what?","['compare prices', 'get money', 'save money', 'pay money', 'eat chicken']","2. The correct answer is **(B) get money**. An undercover shopper is someone who is hired by a company or a research firm to evaluate the quality of products or services offered by a business. They buy products, then after doing a review they would get money as a compensation for their time and expenses. This is how undercover shoppers earn money from their job.

","Questions: If you got a job as an undercover shopper you would buy products, then after doing a review you would what?, Choices: (A) compare prices, (B) get money, (C) save money, (D) pay money, (E) eat chicken. What is the correct answer to the question 'If you got a job as an undercover shopper you would buy products, then after doing a review you would what?' with the options compare prices, get money, save money, pay money eat chicken? Provide a straightforward explanation. 
"
"If you have a lot of money after cashing in your chips at a casino, what would the casino owner feel towards you?","['betrayal', 'resentment', 'get money', 'revenge', 'leave']","3. The correct answer is **(B) resentment**. Resentment is a feeling of anger or bitterness towards someone who has done something unfair or wrong. If you have a lot of money after cashing in your chips at a casino, it means that you have won a lot of money from gambling. The casino owner would feel resentment towards you because they would lose money and profit from your winnings. The casino owner would prefer that you lose money and give them more revenue.

","Questions: If you have a lot of money after cashing in your chips at a casino, what would the casino owner feel towards you?, Choices: (A) betrayal, (B) resentment, (C) get money, (D) revenge, (E) leave. What is the correct answer to the question 'If you have a lot of money after cashing in your chips at a casino, what would the casino owner feel towards you?' with the options betrayal, resentment, get money, revenge leave? Provide a straightforward explanation. 
"
"If you have a ticket and you are planning to eat popcorn, where would you go?","['movie', 'train station', 'argument online', 'baseball stadium', ""person's hand""]","4. The correct answer is **(A) movie**. A movie is a form of entertainment that involves watching a story on a screen. If you have a ticket and you are planning to eat popcorn, it implies that you are going to watch a movie at a theater. Popcorn is a popular snack that is often sold and consumed at movie theaters. It is a common activity to buy a ticket and eat popcorn while watching a movie.

","Questions: If you have a ticket and you are planning to eat popcorn, where would you go?, Choices: (A) movie, (B) train station, (C) argument online, (D) baseball stadium, (E) person's hand. What is the correct answer to the question 'If you have a ticket and you are planning to eat popcorn, where would you go?' with the options movie, train station, argument online, baseball stadium person's hand? Provide a straightforward explanation. 
"
"If you want the comfort of the familiar, where might you go?","['uneasy', 'distress', 'bed', 'home', ""friend's house""]","5. The correct answer is **(D) home**. Home is a place where you live and feel comfortable and secure. If you want the comfort of the familiar, where might you go? It suggests that you are looking for a place where you can relax and be yourself. Home is a place where you can find the comfort of the familiar, as it is where you have your belongings, memories, and loved ones.

","Questions: If you want the comfort of the familiar, where might you go?, Choices: (A) uneasy, (B) distress, (C) bed, (D) home, (E) friend's house. What is the correct answer to the question 'If you want the comfort of the familiar, where might you go?' with the options uneasy, distress, bed, home friend's house? Provide a straightforward explanation. 
"
"If you want to bake something, but do not have butter, where would you get it?","['pastry', 'homes', 'neighbor', 'store', 'refrigerator']","6. The correct answer is **(D) store**. A store is a place where you can buy various goods and products, including butter. If you want to bake something, but do not have butter, where would you get it? It implies that you need butter as an ingredient for your baking recipe. A store is a place where you can get butter by purchasing it with money. You can find different types of butter at a store, such as salted, unsalted, or flavored.

","Questions: If you want to bake something, but do not have butter, where would you get it?, Choices: (A) pastry, (B) homes, (C) neighbor, (D) store, (E) refrigerator. What is the correct answer to the question 'If you want to bake something, but do not have butter, where would you get it?' with the options pastry, homes, neighbor, store refrigerator? Provide a straightforward explanation. 
"
"If you want to find a small dog, perhaps wearing a white coat, where might it be?","['laboratory', 'movies', 'photograph', 'dog pound', 'backyard']","7. The correct answer is **(E) backyard**. A backyard is a part of a house that is outside and behind the main building. It is usually used for gardening, playing, or relaxing. If you want to find a small dog, perhaps wearing a white coat, where might it be? It suggests that you are looking for a specific dog that is small in size and has a white fur. A backyard is a place where you might find a small dog, perhaps wearing a white coat, as it is a common place for dogs to stay or play.

","Questions: If you want to find a small dog, perhaps wearing a white coat, where might it be?, Choices: (A) laboratory, (B) movies, (C) photograph, (D) dog pound, (E) backyard. What is the correct answer to the question 'If you want to find a small dog, perhaps wearing a white coat, where might it be?' with the options laboratory, movies, photograph, dog pound backyard? Provide a straightforward explanation. 
"
"If you want to find a star you'd have to look in space, but if you wanted to find one from the screen you should travel to where?","['outer space', 'uganda', 'constellation', 'solar system', 'hollywood']","8. The correct answer is **(E) hollywood**. Hollywood is a district in Los Angeles, California, that is known for being the center of the American film industry. It is where many famous actors, directors, and producers work and live. If you want to find a star you'd have to look in space, but if you wanted to find one from the screen you should travel to where? It implies that you are looking for a celebrity who appears in movies or television shows. Hollywood is a place where you should travel to if you wanted to find one from the screen, as it is where many stars are located and work.

","Questions: If you want to find a star you'd have to look in space, but if you wanted to find one from the screen you should travel to where?, Choices: (A) outer space, (B) uganda, (C) constellation, (D) solar system, (E) hollywood. What is the correct answer to the question 'If you want to find a star you'd have to look in space, but if you wanted to find one from the screen you should travel to where?' with the options outer space, uganda, constellation, solar system hollywood? Provide a straightforward explanation. 
"
What state shaped like a glove has a lot of farmland?,"['countryside', 'farming areas', 'michigan', 'texas', 'north dakota']","9. The correct answer is **(C) michigan**. Michigan is a state in the United States that is shaped like a glove. It has two peninsulas that are separated by the Great Lakes. Michigan has a lot of farmland, especially in the southern part of the state. It is known for producing crops such as corn, soybeans, wheat, and apples. What state shaped like a glove has a lot of farmland? It is a question that asks for the name of a state that matches the description. Michigan is the correct answer to the question.

","Questions: What state shaped like a glove has a lot of farmland?, Choices: (A) countryside, (B) farming areas, (C) michigan, (D) texas, (E) north dakota. What is the correct answer to the question 'What state shaped like a glove has a lot of farmland?' with the options countryside, farming areas, michigan, texas north dakota? Provide a straightforward explanation. 
"
What state south of Kentucky and north of Alabama will you find people playing the fiddle?,"['alabama', 'tennessee', 'violin case', 'music store', 'bow and strings']","10. The correct answer is **(B) tennessee**. Tennessee is a state in the United States that is south of Kentucky and north of Alabama. It is known for its music and culture, especially in the genres of country, blues, and rock and roll. A fiddle is a musical instrument that is similar to a violin, but is played in a different style and technique. It is often used in folk and country music. What state south of Kentucky and north of Alabama will you find people playing the fiddle? It is a question that asks for the name of a state that matches the description. Tennessee is the correct answer to the question.","Questions: What state south of Kentucky and north of Alabama will you find people playing the fiddle?, Choices: (A) alabama, (B) tennessee, (C) violin case, (D) music store, (E) bow and strings. What is the correct answer to the question 'What state south of Kentucky and north of Alabama will you find people playing the fiddle?' with the options alabama, tennessee, violin case, music store bow and strings? Provide a straightforward explanation. 
"
What traditional shop would one find a razor in?,"['medicine cabinet', 'barber shop', 'bath room', 'grocery store', 'suitcase']","1. The correct answer is **(B) barber shop**. A razor is a tool used for shaving hair, and a barber shop is a place where people go to get their hair cut or styled. A medicine cabinet, a bathroom, a grocery store, and a suitcase are not shops where one would find a razor.
","Questions: What traditional shop would one find a razor in?, Choices: (A) medicine cabinet, (B) barber shop, (C) bath room, (D) grocery store, (E) suitcase. What is the correct answer to the question 'What traditional shop would one find a razor in?' with the options medicine cabinet, barber shop, bath room, grocery store suitcase? Provide a straightforward explanation. 
"
What treatment might an old time doctor have tried to accomplish with leeches?,"['heart transplant', 'distance himself', 'perform surgery', 'study medicine', 'let blood']","2. The correct answer is **(E) let blood**. Leeches are blood-sucking worms that were used by some doctors in the past to treat various ailments by removing blood from the patient. This practice was based on the belief that bloodletting could balance the humors or fluids in the body and restore health. A heart transplant, distancing oneself, performing surgery, and studying medicine are not treatments that an old time doctor would have tried to accomplish with leeches.
","Questions: What treatment might an old time doctor have tried to accomplish with leeches?, Choices: (A) heart transplant, (B) distance himself, (C) perform surgery, (D) study medicine, (E) let blood. What is the correct answer to the question 'What treatment might an old time doctor have tried to accomplish with leeches?' with the options heart transplant, distance himself, perform surgery, study medicine let blood? Provide a straightforward explanation. 
"
What type of area would you be entering if dressed in a suit when putting your car in a parking lot?,"['urban area', 'amusement park', 'house', 'business district', 'shopping center']","3. The correct answer is **(D) business district**. A business district is an area where many offices, banks, and other commercial buildings are located. People who work in these places often dress in suits or formal attire. An urban area, an amusement park, a house, and a shopping center are not specific types of areas that would require dressing in a suit when putting your car in a parking lot.
","Questions: What type of area would you be entering if dressed in a suit when putting your car in a parking lot?, Choices: (A) urban area, (B) amusement park, (C) house, (D) business district, (E) shopping center. What is the correct answer to the question 'What type of area would you be entering if dressed in a suit when putting your car in a parking lot?' with the options urban area, amusement park, house, business district shopping center? Provide a straightforward explanation. 
"
What type of bike has an engine?,"['lawnmower', 'automobile', 'car', 'bicycle', 'motorcycle']","4. The correct answer is **(E) motorcycle**. A motorcycle is a type of bike that has an engine that powers it. A lawnmower, an automobile, and a car are not types of bikes, but machines that also have engines. A bicycle is a type of bike that does not have an engine, but is propelled by pedals.
","Questions: What type of bike has an engine?, Choices: (A) lawnmower, (B) automobile, (C) car, (D) bicycle, (E) motorcycle. What is the correct answer to the question 'What type of bike has an engine?' with the options lawnmower, automobile, car, bicycle motorcycle? Provide a straightforward explanation. 
"
"A detective tries to discover truth, some of the best results are from gathering witnesses and doing what?","['investigate', 'ask questions', 'search for', 'find facts', 'wonder']","5. The correct answer is **(B) ask questions**. A detective is a person who investigates crimes or mysteries by collecting and analyzing evidence. One of the best ways to do this is by gathering witnesses and asking them questions about what they saw, heard, or know. Investigating, searching for, finding facts, and wondering are also things that a detective might do, but they are not as specific as asking questions.
","Questions: A detective tries to discover truth, some of the best results are from gathering witnesses and doing what?, Choices: (A) investigate, (B) ask questions, (C) search for, (D) find facts, (E) wonder. What is the correct answer to the question 'A detective tries to discover truth, some of the best results are from gathering witnesses and doing what?' with the options investigate, ask questions, search for, find facts wonder? Provide a straightforward explanation. 
"
"A person wants to lose mass,what steps do the take?","['increase stamina', 'get fitter', 'eat healthy food', 'too fat', 'good health']","6. The correct answer is **(C) eat healthy food**. A person who wants to lose mass or weight needs to consume fewer calories than they burn. One of the ways to do this is by eating healthy food that is low in fat, sugar, and salt, and high in fiber, protein, and vitamins. Increasing stamina, getting fitter, being too fat, and having good health are not steps that a person can take to lose mass, but they are possible outcomes or goals of losing mass.
","Questions: A person wants to lose mass,what steps do the take?, Choices: (A) increase stamina, (B) get fitter, (C) eat healthy food, (D) too fat, (E) good health. What is the correct answer to the question 'A person wants to lose mass,what steps do the take?' with the options increase stamina, get fitter, eat healthy food, too fat good health? Provide a straightforward explanation. 
"
"Ben was usually an eloquent speaker, but this time he had difficulty reading the words on the teleprompter, so he did much what?","['stammering', 'maundering', 'speechless', 'talking', 'tongueless']","7. The correct answer is **(A) stammering**. Stammering is a speech disorder that causes a person to repeat or prolong sounds, syllables, or words, or to have involuntary pauses or blocks in speech. Ben was usually an eloquent speaker, but this time he had difficulty reading the words on the teleprompter, so he did much stammering. Maundering, speechless, talking, and tongueless are not words that describe what Ben did.
","Questions: Ben was usually an eloquent speaker, but this time he had difficulty reading the words on the teleprompter, so he did much what?, Choices: (A) stammering, (B) maundering, (C) speechless, (D) talking, (E) tongueless. What is the correct answer to the question 'Ben was usually an eloquent speaker, but this time he had difficulty reading the words on the teleprompter, so he did much what?' with the options stammering, maundering, speechless, talking tongueless? Provide a straightforward explanation. 
"
"Betty felt that being in love was vital and important, necessary to do what?","['propose to woman', 'kiss', 'propose to woman', 'live life', 'sing']","8. The correct answer is **(D) live life**. Betty felt that being in love was vital and important, necessary to live life. To live life means to enjoy and make the most of one's existence. Proposing to a woman, kissing, singing, and proposing to a woman again are not things that Betty felt were necessary to do because of being in love, but they are possible expressions or consequences of being in love.
","Questions: Betty felt that being in love was vital and important, necessary to do what?, Choices: (A) propose to woman, (B) kiss, (C) propose to woman, (D) live life, (E) sing. What is the correct answer to the question 'Betty felt that being in love was vital and important, necessary to do what?' with the options propose to woman, kiss, propose to woman, live life sing? Provide a straightforward explanation. 
"
"Bill has a desire to learn, but doesn't personally know any teacher, where should he go?","['memorize', 'understand better', 'attend school', 'read book', 'church']","9. The correct answer is **(C) attend school**. A school is an institution where people go to learn from teachers and other students. Bill has a desire to learn, but he doesn't personally know any teacher, so he should go to a school. Memorizing, understanding better, reading a book, and going to a church are not places where Bill should go, but they are possible ways or activities that can help him learn.
","Questions: Bill has a desire to learn, but doesn't personally know any teacher, where should he go?, Choices: (A) memorize, (B) understand better, (C) attend school, (D) read book, (E) church. What is the correct answer to the question 'Bill has a desire to learn, but doesn't personally know any teacher, where should he go?' with the options memorize, understand better, attend school, read book church? Provide a straightforward explanation. 
"
What would you experience after awaking from a nightmare?,"['headache', 'get up', 'happiness', 'discomfort', 'shock']","10. The correct answer is **(E) shock**. Shock is a state of emotional or physical distress caused by a sudden or traumatic event. A nightmare is a bad or frightening dream that can cause a person to wake up feeling scared or anxious. What would you experience after awaking from a nightmare? You would experience shock. A headache, getting up, happiness, and discomfort are not things that you would necessarily experience after awaking from a nightmare, but they are possible effects or reactions of having a nightmare. ","Questions: What would you experience after awaking from a nightmare?, Choices: (A) headache, (B) get up, (C) happiness, (D) discomfort, (E) shock. What is the correct answer to the question 'What would you experience after awaking from a nightmare?' with the options headache, get up, happiness, discomfort shock? Provide a straightforward explanation. 
"
What would you likely see a group of horses doing together?,"['graze in fields', 'brown', 'put in stall', 'big but gentle', 'running in herd']","1. The correct answer is **(A) graze in fields**. This is because horses are herbivorous animals that feed on grass and other plants. Grazing is a common activity that horses do together in fields or pastures.
","Questions: What would you likely see a group of horses doing together?, Choices: (A) graze in fields, (B) brown, (C) put in stall, (D) big but gentle, (E) running in herd. What is the correct answer to the question 'What would you likely see a group of horses doing together?' with the options graze in fields, brown, put in stall, big but gentle running in herd? Provide a straightforward explanation. 
"
When a curtain closes this is over.  What is this?,"['bridge', 'show', 'house', 'department store', 'window']","2. The correct answer is **(B) show**. This is because a show is a type of performance or entertainment that usually takes place on a stage with a curtain. When the curtain closes, it means that the show is over and the audience can applaud or leave.
","Questions: When a curtain closes this is over.  What is this?, Choices: (A) bridge, (B) show, (C) house, (D) department store, (E) window. What is the correct answer to the question 'When a curtain closes this is over.  What is this?' with the options bridge, show, house, department store window? Provide a straightforward explanation. 
"
When competing against a fighter with better training you'll likely get a what?,"['pride', 'free hat', 'emotions', 'injury', 'one winner']","3. The correct answer is **(D) injury**. This is because an injury is a physical harm or damage to the body that can result from fighting or competing against someone who has better training or skills. An injury can be painful, serious, or even life-threatening.
","Questions: When competing against a fighter with better training you'll likely get a what?, Choices: (A) pride, (B) free hat, (C) emotions, (D) injury, (E) one winner. What is the correct answer to the question 'When competing against a fighter with better training you'll likely get a what?' with the options pride, free hat, emotions, injury one winner? Provide a straightforward explanation. 
"
What can light do when it passes through the air?,"['beam', 'polarised', 'carry information', 'age paper', 'illuminate']","4. The correct answer is **(C) carry information**. This is because light can be used to transmit or encode information through various methods, such as optical fibers, lasers, or LEDs. Light can carry information over long distances and at high speeds.
","Questions: What can light do when it passes through the air?, Choices: (A) beam, (B) polarised, (C) carry information, (D) age paper, (E) illuminate. What is the correct answer to the question 'What can light do when it passes through the air?' with the options beam, polarised, carry information, age paper illuminate? Provide a straightforward explanation. 
"
What is the opposite of deep?,"['frivolous', 'shallow', 'high', 'light', 'funny']","5. The correct answer is **(B) shallow**. This is because shallow is an adjective that means having little depth or distance from the surface. Deep is an adjective that means having a lot of depth or distance from the surface. Shallow and deep are antonyms, which are words that have opposite meanings.
","Questions: What is the opposite of deep?, Choices: (A) frivolous, (B) shallow, (C) high, (D) light, (E) funny. What is the correct answer to the question 'What is the opposite of deep?' with the options frivolous, shallow, high, light funny? Provide a straightforward explanation. 
"
What is the worst outcome of an injury?,"['cause death', 'cause bleeding', 'falling down', 'become infected', 'claim insurance']","6. The correct answer is **(A) cause death**. This is because death is the permanent cessation of all vital functions of the body. Death is the most severe and irreversible outcome of an injury. Death can be caused by various types of injuries, such as trauma, bleeding, infection, or organ failure.
","Questions: What is the worst outcome of an injury?, Choices: (A) cause death, (B) cause bleeding, (C) falling down, (D) become infected, (E) claim insurance. What is the correct answer to the question 'What is the worst outcome of an injury?' with the options cause death, cause bleeding, falling down, become infected claim insurance? Provide a straightforward explanation. 
"
What is the worst part of playing games?,"['learning', 'happiness', 'competition', 'losing', 'fatigue']","7. The correct answer is **(D) losing**. This is because losing is the opposite of winning, which is the goal of playing games. Losing can be frustrating, disappointing, or demoralizing for the players. Losing can also affect the players' self-esteem, motivation, or enjoyment of the game.
","Questions: What is the worst part of playing games?, Choices: (A) learning, (B) happiness, (C) competition, (D) losing, (E) fatigue. What is the correct answer to the question 'What is the worst part of playing games?' with the options learning, happiness, competition, losing fatigue? Provide a straightforward explanation. 
"
What item does the fork belong on?,"['plate', 'video game', 'kitchen drawer', 'table', 'road']","8. The correct answer is **(A) plate**. This is because a plate is a flat and round dish that is used to serve or eat food. A fork is a utensil that has a handle and several prongs that are used to pick up or cut food. A fork belongs on a plate when eating or serving food.
","Questions: What item does the fork belong on?, Choices: (A) plate, (B) video game, (C) kitchen drawer, (D) table, (E) road. What is the correct answer to the question 'What item does the fork belong on?' with the options plate, video game, kitchen drawer, table road? Provide a straightforward explanation. 
"
What offers shelter in the woods?,"['house', 'shelterbelt', 'bus stop', 'tree', 'plants']","9. The correct answer is **(D) tree**. This is because a tree is a tall and woody plant that has a trunk, branches, and leaves. A tree can offer shelter in the woods by providing shade, protection, or camouflage from the sun, rain, wind, or predators.
","Questions: What offers shelter in the woods?, Choices: (A) house, (B) shelterbelt, (C) bus stop, (D) tree, (E) plants. What is the correct answer to the question 'What offers shelter in the woods?' with the options house, shelterbelt, bus stop, tree plants? Provide a straightforward explanation. 
"
What place is not interesting to children?,"['classroom', 'toy store', 'school', 'soccer game', 'dinner']","10. The correct answer is **(A) classroom**. This is because a classroom is a room in a school where students learn from a teacher. A classroom can be boring, dull, or stressful for some children, especially if they do not like the subject, the teacher, or the homework. A classroom can also limit the children's creativity, curiosity, or freedom.","Questions: What place is not interesting to children?, Choices: (A) classroom, (B) toy store, (C) school, (D) soccer game, (E) dinner. What is the correct answer to the question 'What place is not interesting to children?' with the options classroom, toy store, school, soccer game dinner? Provide a straightforward explanation. 
"
What is the biological purpose of eating breakfast?,"['halitosis', 'fullness', 'overeating', 'gas', 'gain energy']","1. The correct answer is **(E) gain energy**. The biological purpose of eating breakfast is to provide the body with energy and nutrients after a long period of fasting during the night. Breakfast helps to replenish the blood sugar levels and boost the metabolism, which are essential for physical and mental performance.

","Questions: What is the biological purpose of eating breakfast?, Choices: (A) halitosis, (B) fullness, (C) overeating, (D) gas, (E) gain energy. What is the correct answer to the question 'What is the biological purpose of eating breakfast?' with the options halitosis, fullness, overeating, gas gain energy? Provide a straightforward explanation. 
"
What is the consequence of a long day of doing housework?,"['low pay', 'become tired', 'nice home', 'boredom', 'dizziness']","2. The correct answer is **(B) become tired**. The consequence of a long day of doing housework is that the person may become tired and exhausted from the physical and mental effort. Housework involves various tasks that require muscle strength, coordination, concentration, and decision making. Doing too much housework without adequate rest can lead to fatigue, stress, and reduced well-being.

","Questions: What is the consequence of a long day of doing housework?, Choices: (A) low pay, (B) become tired, (C) nice home, (D) boredom, (E) dizziness. What is the correct answer to the question 'What is the consequence of a long day of doing housework?' with the options low pay, become tired, nice home, boredom dizziness? Provide a straightforward explanation. 
"
What is the difference between one having solidity?,"['openness', 'fluidity', 'hollowness', 'weakness', 'instability']","3. The correct answer is **(B) fluidity**. The difference between one having solidity and one having fluidity is that the former is rigid and fixed, while the latter is flexible and adaptable. Solidity refers to the state of being firm and stable, while fluidity refers to the state of being able to change and flow. A solid object has a definite shape and volume, while a fluid object can take the shape of its container and vary its volume.

","Questions: What is the difference between one having solidity?, Choices: (A) openness, (B) fluidity, (C) hollowness, (D) weakness, (E) instability. What is the correct answer to the question 'What is the difference between one having solidity?' with the options openness, fluidity, hollowness, weakness instability? Provide a straightforward explanation. 
"
Two bookends were on the shelf.  They supported a line of what?,"['librarian', 'pair', 'school library', 'library book', 'bookshelf']","4. The correct answer is **(D) library book**. Two bookends were on the shelf. They supported a line of library books. Bookends are devices that are placed at the ends of a row of books to keep them upright and prevent them from falling over. Library books are books that are owned by a library and can be borrowed by the public for a limited period of time.

","Questions: Two bookends were on the shelf.  They supported a line of what?, Choices: (A) librarian, (B) pair, (C) school library, (D) library book, (E) bookshelf. What is the correct answer to the question 'Two bookends were on the shelf.  They supported a line of what?' with the options librarian, pair, school library, library book bookshelf? Provide a straightforward explanation. 
"
"Some people really loved beer, they call it what gold?","['alcohol in', 'intoxicating', 'liquid', 'hair of the dog', 'harmful']","5. The correct answer is **(C) liquid**. Some people really loved beer, they call it liquid gold. Liquid gold is a term that is used to describe something that is very valuable and desirable, especially something that is rare or hard to obtain. Beer is a popular alcoholic beverage that is made from fermented grains, hops, yeast, and water. Some people enjoy drinking beer for its taste, effects, or social aspects.

","Questions: Some people really loved beer, they call it what gold?, Choices: (A) alcohol in, (B) intoxicating, (C) liquid, (D) hair of the dog, (E) harmful. What is the correct answer to the question 'Some people really loved beer, they call it what gold?' with the options alcohol in, intoxicating, liquid, hair of the dog harmful? Provide a straightforward explanation. 
"
"The Canadian farmer wondered if potatoes would grow where he lived, where was his likely location?","['main course', 'prince edward island', 'ireland', 'french fries', 'idaho']","6. The correct answer is **(B) prince edward island**. The Canadian farmer wondered if potatoes would grow where he lived, his likely location was Prince Edward Island. Prince Edward Island is a province of Canada that is located in the Gulf of St. Lawrence. It is known for its fertile soil and agricultural production, especially of potatoes. It is the smallest province in Canada by both area and population, but it is the largest potato producer in the country.

","Questions: The Canadian farmer wondered if potatoes would grow where he lived, where was his likely location?, Choices: (A) main course, (B) prince edward island, (C) ireland, (D) french fries, (E) idaho. What is the correct answer to the question 'The Canadian farmer wondered if potatoes would grow where he lived, where was his likely location?' with the options main course, prince edward island, ireland, french fries idaho? Provide a straightforward explanation. 
"
"The IMAX screen was even bigger than he imagined, it was so big he felt outdoors rather than in a what?","['drive in movie', 'monitor', 'movies', 'home', 'theatre']","7. The correct answer is **(E) theatre**. The IMAX screen was even bigger than he imagined, it was so big he felt outdoors rather than in a theatre. IMAX is a system of high-resolution cameras, film formats, and projection screens that are designed to create an immersive and realistic cinematic experience. IMAX screens are much larger and wider than conventional screens, and they can fill the viewer's field of vision. A theatre is a building or a room where movies, plays, concerts, or other performances are shown to an audience.

","Questions: The IMAX screen was even bigger than he imagined, it was so big he felt outdoors rather than in a what?, Choices: (A) drive in movie, (B) monitor, (C) movies, (D) home, (E) theatre. What is the correct answer to the question 'The IMAX screen was even bigger than he imagined, it was so big he felt outdoors rather than in a what?' with the options drive in movie, monitor, movies, home theatre? Provide a straightforward explanation. 
"
"The Mississippi is a very large river, it is the largest in the North American what?","['wilderness', 'country', 'city', 'bridge', 'continent']","8. The correct answer is **(E) continent**. The Mississippi is a very large river, it is the largest in the North American continent. The Mississippi River is a major river that flows through the United States, from Minnesota to the Gulf of Mexico. It is the second-longest river in North America, after the Missouri River, and the fourth-longest river in the world. It drains about 40% of the land area of the United States, and it has a significant role in the history, culture, economy, and ecology of the region.

","Questions: The Mississippi is a very large river, it is the largest in the North American what?, Choices: (A) wilderness, (B) country, (C) city, (D) bridge, (E) continent. What is the correct answer to the question 'The Mississippi is a very large river, it is the largest in the North American what?' with the options wilderness, country, city, bridge continent? Provide a straightforward explanation. 
"
"Man is reading the bible before talking to a priest, what is he likely to do?","['motel', 'at hotel', 'found in church', 'considered to holy book', 'confession']","9. The correct answer is **(E) confession**. Man is reading the bible before talking to a priest, he is likely to do a confession. A confession is a religious practice in which a person admits their sins and asks for forgiveness from God and the church. The bible is a sacred book that contains the writings and teachings of Christianity and Judaism. A priest is a religious leader who is authorized to perform the rites and ceremonies of the church. Reading the bible before talking to a priest may help the person to prepare for the confession and to reflect on their faith and morals.

","Questions: Man is reading the bible before talking to a priest, what is he likely to do?, Choices: (A) motel, (B) at hotel, (C) found in church, (D) considered to holy book, (E) confession. What is the correct answer to the question 'Man is reading the bible before talking to a priest, what is he likely to do?' with the options motel, at hotel, found in church, considered to holy book confession? Provide a straightforward explanation. 
"
"Manny refused to give the court respect, and was charged with what?","['dishonor', 'contempt', 'humiliate', 'disdain', 'scorn']","10. The correct answer is **(B) contempt**. Manny refused to give the court respect, and was charged with contempt. Contempt is a legal term that refers to the offense of disobeying or disrespecting the authority, orders, or rules of a court or a judge. Contempt can be civil or criminal, depending on the nature and severity of the violation. Contempt can result in fines, imprisonment, or other sanctions. Respect is a feeling or attitude of admiration, esteem, or deference for someone or something. Giving the court respect means following the proper etiquette, protocol, and decorum when appearing before the court or the judge.","Questions: Manny refused to give the court respect, and was charged with what?, Choices: (A) dishonor, (B) contempt, (C) humiliate, (D) disdain, (E) scorn. What is the correct answer to the question 'Manny refused to give the court respect, and was charged with what?' with the options dishonor, contempt, humiliate, disdain scorn? Provide a straightforward explanation. 
"
"Many addicts turn to exercise to deal with their addictions, this is because it is a healthy way to do what?","['condition heart', 'expend energy', 'laugh', 'stretch', 'weigh']","1. The correct answer is (B) expend energy. Exercise is a healthy way to expend energy that might otherwise be used for addictive behaviors. Exercise also releases endorphins, which are natural chemicals that make you feel good and reduce stress.

","Questions: Many addicts turn to exercise to deal with their addictions, this is because it is a healthy way to do what?, Choices: (A) condition heart, (B) expend energy, (C) laugh, (D) stretch, (E) weigh. What is the correct answer to the question 'Many addicts turn to exercise to deal with their addictions, this is because it is a healthy way to do what?' with the options condition heart, expend energy, laugh, stretch weigh? Provide a straightforward explanation. 
"
"Many in the flock often forget the most basic tenants, a big one being that on god can what?","['anything', 'everywhere', 'judge men', 'give peace', 'help people']","2. The correct answer is (C) judge men. Many in the flock often forget the most basic tenets, a big one being that only God can judge men. This means that humans should not judge each other harshly, but leave the final judgment to God.

","Questions: Many in the flock often forget the most basic tenants, a big one being that on god can what?, Choices: (A) anything, (B) everywhere, (C) judge men, (D) give peace, (E) help people. What is the correct answer to the question 'Many in the flock often forget the most basic tenants, a big one being that on god can what?' with the options anything, everywhere, judge men, give peace help people? Provide a straightforward explanation. 
"
"Many people gather together on Sundays, they tend to believe that earth is what?","['one moon', 'flat', ""god's creation"", 'milky way', 'universe']","3. The correct answer is (C) God's creation. Many people gather together on Sundays, they tend to believe that earth is God's creation. This means that they believe that God created the earth and everything in it, and that humans have a responsibility to take care of it.

","Questions: Many people gather together on Sundays, they tend to believe that earth is what?, Choices: (A) one moon, (B) flat, (C) god's creation, (D) milky way, (E) universe. What is the correct answer to the question 'Many people gather together on Sundays, they tend to believe that earth is what?' with the options one moon, flat, god's creation, milky way universe? Provide a straightforward explanation. 
"
"Many people have mental issues, they need someone to what to?","['listen to music', 'play games', 'eat ice cream', 'have fun with', 'talk']","4. The correct answer is (E) talk. Many people have mental issues, they need someone to talk to. Talking to someone can help them express their feelings, cope with their problems, and get support and advice.

","Questions: Many people have mental issues, they need someone to what to?, Choices: (A) listen to music, (B) play games, (C) eat ice cream, (D) have fun with, (E) talk. What is the correct answer to the question 'Many people have mental issues, they need someone to what to?' with the options listen to music, play games, eat ice cream, have fun with talk? Provide a straightforward explanation. 
"
"Many politicians like to talk about the small time farmer, but almost all farms are actually what?","['farm land', 'financial', 'business man', 'industrial', 'city dweller']","5. The correct answer is (D) industrial. Many politicians like to talk about the small time farmer, but almost all farms are actually industrial. This means that they are large-scale, mechanized, and profit-oriented operations that use a lot of chemicals, pesticides, and genetically modified crops.

","Questions: Many politicians like to talk about the small time farmer, but almost all farms are actually what?, Choices: (A) farm land, (B) financial, (C) business man, (D) industrial, (E) city dweller. What is the correct answer to the question 'Many politicians like to talk about the small time farmer, but almost all farms are actually what?' with the options farm land, financial, business man, industrial city dweller? Provide a straightforward explanation. 
"
"Many prefer a happy and clean home, but for some lazy people doing housework is one big what?","['asthma', 'headache', 'work', 'arguments', 'boredom']","6. The correct answer is (B) headache. Many prefer a happy and clean home, but for some lazy people doing housework is one big headache. This means that they find housework annoying, boring, or difficult, and they would rather avoid it or procrastinate.

","Questions: Many prefer a happy and clean home, but for some lazy people doing housework is one big what?, Choices: (A) asthma, (B) headache, (C) work, (D) arguments, (E) boredom. What is the correct answer to the question 'Many prefer a happy and clean home, but for some lazy people doing housework is one big what?' with the options asthma, headache, work, arguments boredom? Provide a straightforward explanation. 
"
"Mary offered to let James sleep on her hide sofa bed, but he thought it was uncomfortable.  Where might he have decided to stay?","['hotel', 'apartment', 'couch', 'guest room', 'house']","7. The correct answer is (A) hotel. Mary offered to let James sleep on her hide sofa bed, but he thought it was uncomfortable. Where might he have decided to stay? He might have decided to stay in a hotel, which is a place that provides accommodation, meals, and other services for travelers and tourists.

","Questions: Mary offered to let James sleep on her hide sofa bed, but he thought it was uncomfortable.  Where might he have decided to stay?, Choices: (A) hotel, (B) apartment, (C) couch, (D) guest room, (E) house. What is the correct answer to the question 'Mary offered to let James sleep on her hide sofa bed, but he thought it was uncomfortable.  Where might he have decided to stay?' with the options hotel, apartment, couch, guest room house? Provide a straightforward explanation. 
"
"Old people can have difficulty using computer, it can turn a simple task into a lot of what?","['glad', 'program created', 'pleasure', 'stress', 'increased efficiency']","8. The correct answer is (D) stress. Old people can have difficulty using computers, it can turn a simple task into a lot of stress. This means that they can feel frustrated, confused, or anxious when they try to use computers, especially if they are not familiar with the technology or the software.

","Questions: Old people can have difficulty using computer, it can turn a simple task into a lot of what?, Choices: (A) glad, (B) program created, (C) pleasure, (D) stress, (E) increased efficiency. What is the correct answer to the question 'Old people can have difficulty using computer, it can turn a simple task into a lot of what?' with the options glad, program created, pleasure, stress increased efficiency? Provide a straightforward explanation. 
"
"On a rainy day, Bill likes to do creative things.  He loves to taste things.  He tries his hand on a rainy day. What might he do?","['enjoy film', 'make bread', 'go to the gym', 'stay in bed', 'write']","9. The correct answer is (B) make bread. On a rainy day, Bill likes to do creative things. He loves to taste things. He tries his hand on a rainy day. What might he do? He might make bread, which is a creative activity that involves mixing, kneading, and baking dough, and results in a delicious product that he can taste.

","Questions: On a rainy day, Bill likes to do creative things.  He loves to taste things.  He tries his hand on a rainy day. What might he do?, Choices: (A) enjoy film, (B) make bread, (C) go to the gym, (D) stay in bed, (E) write. What is the correct answer to the question 'On a rainy day, Bill likes to do creative things.  He loves to taste things.  He tries his hand on a rainy day. What might he do?' with the options enjoy film, make bread, go to the gym, stay in bed write? Provide a straightforward explanation. 
"
What might a fish avoid for safety?,"['stream', 'end of line', 'market', 'pond', 'boat']","10. The correct answer is (B) end of line. What might a fish avoid for safety? A fish might avoid the end of line, which is the part of a fishing line that has a hook, bait, or lure attached to it. A fish that bites the end of line can get caught by the fisherman and taken out of the water.","Questions: What might a fish avoid for safety?, Choices: (A) stream, (B) end of line, (C) market, (D) pond, (E) boat. What is the correct answer to the question 'What might a fish avoid for safety?' with the options stream, end of line, market, pond boat? Provide a straightforward explanation. 
"
What might a friend throw a party for another friend?,"['keep secret', 'write letter', 'steady', 'rely on', 'coming home']","1. The correct answer is **E) coming home**. A friend might throw a party for another friend who is coming home after a long time away, such as traveling, studying, or working abroad. This is a way of celebrating their return and showing them that they are missed and welcomed.
","Questions: What might a friend throw a party for another friend?, Choices: (A) keep secret, (B) write letter, (C) steady, (D) rely on, (E) coming home. What is the correct answer to the question 'What might a friend throw a party for another friend?' with the options keep secret, write letter, steady, rely on coming home? Provide a straightforward explanation. 
"
What might a gentleman own and go inside of?,"['garage', 'big house', 'movie', 'restaurant', 'tuxedo']","2. The correct answer is **B) big house**. A gentleman might own and go inside of a big house, which is a sign of wealth and status. A garage, a movie, a restaurant, and a tuxedo are not things that a gentleman can go inside of, although he might own or use them.
","Questions: What might a gentleman own and go inside of?, Choices: (A) garage, (B) big house, (C) movie, (D) restaurant, (E) tuxedo. What is the correct answer to the question 'What might a gentleman own and go inside of?' with the options garage, big house, movie, restaurant tuxedo? Provide a straightforward explanation. 
"
What might a good person experience after killing someone?,"['michigan', 'dies', 'feeling of guilt', 'being imprisoned', 'bloody mess']","3. The correct answer is **C) feeling of guilt**. A good person might experience a feeling of guilt after killing someone, which is a moral emotion that arises when one violates one's own or others' ethical standards. A good person would regret taking someone's life and feel remorseful for their actions. Michigan, dies, being imprisoned, and bloody mess are not emotions, but possible consequences or circumstances of killing someone.
","Questions: What might a good person experience after killing someone?, Choices: (A) michigan, (B) dies, (C) feeling of guilt, (D) being imprisoned, (E) bloody mess. What is the correct answer to the question 'What might a good person experience after killing someone?' with the options michigan, dies, feeling of guilt, being imprisoned bloody mess? Provide a straightforward explanation. 
"
Aberdeen is a large city in what country?,"['washington', 'iceland', 'maryland', 'scotland', 'south dakota']","4. The correct answer is **D) scotland**. Aberdeen is a large city in Scotland, which is a country in the United Kingdom. It is the third most populous city in Scotland and has a long history of maritime, cultural, and industrial activities. Washington, Iceland, Maryland, and South Dakota are not countries, but states in the United States or an island nation in Europe.
","Questions: Aberdeen is a large city in what country?, Choices: (A) washington, (B) iceland, (C) maryland, (D) scotland, (E) south dakota. What is the correct answer to the question 'Aberdeen is a large city in what country?' with the options washington, iceland, maryland, scotland south dakota? Provide a straightforward explanation. 
"
After a long day of teaching and an afternoon of grading homework the teacher was hungry so she began to what?,"['evaluate progress', 'include examples', 'time test', 'prepare dinner', 'eat children']","5. The correct answer is **D) prepare dinner**. After a long day of teaching and an afternoon of grading homework, the teacher was hungry so she began to prepare dinner, which is a common activity that people do when they are hungry and want to eat. Evaluate progress, include examples, time test, and eat children are not things that a teacher would do when she is hungry, but rather tasks related to her profession or absurd actions.
","Questions: After a long day of teaching and an afternoon of grading homework the teacher was hungry so she began to what?, Choices: (A) evaluate progress, (B) include examples, (C) time test, (D) prepare dinner, (E) eat children. What is the correct answer to the question 'After a long day of teaching and an afternoon of grading homework the teacher was hungry so she began to what?' with the options evaluate progress, include examples, time test, prepare dinner eat children? Provide a straightforward explanation. 
"
After someone lives a life what happens?,"['tobem', 'death', 'growing older', 'experience things', 'breathe']","6. The correct answer is **B) death**. After someone lives a life, what happens is death, which is the cessation of all biological functions that sustain a living organism. Death is the inevitable end of life and the final stage of the human life cycle. Tobem, growing older, experience things, and breathe are not things that happen after someone lives a life, but rather during someone's life.
","Questions: After someone lives a life what happens?, Choices: (A) tobem, (B) death, (C) growing older, (D) experience things, (E) breathe. What is the correct answer to the question 'After someone lives a life what happens?' with the options tobem, death, growing older, experience things breathe? Provide a straightforward explanation. 
"
After standing in line all day what is likely to happen?,"['learn a new way to bake bread', 'order', 'tiredness', 'get tired', 'fidgeting']","7. The correct answer is **C) tiredness**. After standing in line all day, what is likely to happen is tiredness, which is a state of physical or mental fatigue that reduces one's energy and motivation. Standing in line all day can be exhausting and boring, and make one feel drained and weary. Learn a new way to bake bread, order, get tired, and fidgeting are not things that are likely to happen after standing in line all day, but rather things that one might do while standing in line or before or after it.
","Questions: After standing in line all day what is likely to happen?, Choices: (A) learn a new way to bake bread, (B) order, (C) tiredness, (D) get tired, (E) fidgeting. What is the correct answer to the question 'After standing in line all day what is likely to happen?' with the options learn a new way to bake bread, order, tiredness, get tired fidgeting? Provide a straightforward explanation. 
"
All humans store urine in what organ?,"['feelings', 'names', 'naval', 'bladders', 'bladders']","8. The correct answer is **D) bladders**. All humans store urine in their bladders, which are hollow muscular organs that collect and store urine from the kidneys before disposal by urination. Urine is a liquid waste product that contains water, salts, and other substances that are filtered out of the blood by the kidneys. Feelings, names, naval, and bladders are not organs that store urine, but rather emotions, words, body parts, or misspellings of bladders.
","Questions: All humans store urine in what organ?, Choices: (A) feelings, (B) names, (C) naval, (D) bladders, (E) bladders. What is the correct answer to the question 'All humans store urine in what organ?' with the options feelings, names, naval, bladders bladders? Provide a straightforward explanation. 
"
All the contestants had to wait turn for their chance to what on American Idol?,"['have patience', 'stand in line', 'sing', 'get ready', 'get in line']","9. The correct answer is **C) sing**. All the contestants had to wait their turn for their chance to sing on American Idol, which is a popular singing competition show that features aspiring singers who perform in front of a panel of judges and a live audience. Singing is the main activity and skill that the contestants have to demonstrate on the show. Have patience, stand in line, get ready, and get in line are not things that the contestants have to do for their chance on American Idol, but rather things that they have to do before or after it.
","Questions: All the contestants had to wait turn for their chance to what on American Idol?, Choices: (A) have patience, (B) stand in line, (C) sing, (D) get ready, (E) get in line. What is the correct answer to the question 'All the contestants had to wait turn for their chance to what on American Idol?' with the options have patience, stand in line, sing, get ready get in line? Provide a straightforward explanation. 
"
Almost everyone who has been driving a car has seen or been in a what?,"['getting tired', 'go somewhere', 'water pollute', 'backache', 'automobile accidents']","10. The correct answer is **E) automobile accidents**. Almost everyone who has been driving a car has seen or been in an automobile accident, which is a collision involving one or more vehicles that causes damage, injury, or death. Automobile accidents are very common and can happen for various reasons, such as human error, mechanical failure, weather conditions, or road hazards. Getting tired, going somewhere, water pollute, and backache are not things that almost everyone who has been driving a car has seen or been in, but rather things that might happen as a result of driving a car or unrelated to it.","Questions: Almost everyone who has been driving a car has seen or been in a what?, Choices: (A) getting tired, (B) go somewhere, (C) water pollute, (D) backache, (E) automobile accidents. What is the correct answer to the question 'Almost everyone who has been driving a car has seen or been in a what?' with the options getting tired, go somewhere, water pollute, backache automobile accidents? Provide a straightforward explanation. 
"
Along what feature will you find a rosebush?,"['park', 'in the ground', 'hedgerow', 'temperate climate', 'botanical gardens']","1. The correct answer is **(C) hedgerow**. A rosebush is a type of shrub that produces roses, which are flowers with thorns. A hedgerow is a line of closely spaced shrubs or trees that forms a boundary or a fence. Rosebushes are often planted along hedgerows to add beauty and deter animals from crossing.

","Questions: Along what feature will you find a rosebush?, Choices: (A) park, (B) in the ground, (C) hedgerow, (D) temperate climate, (E) botanical gardens. What is the correct answer to the question 'Along what feature will you find a rosebush?' with the options park, in the ground, hedgerow, temperate climate botanical gardens? Provide a straightforward explanation. 
"
As he flipped through a yearbook he had fond memories of playing cornet in his what?,"['high school band', 'marching band', 'case', 'likes to day dream', 'museum']","2. The correct answer is **(B) marching band**. A cornet is a brass instrument that resembles a trumpet, but has a more conical bore and a mellower tone. A marching band is a group of musicians who perform while marching, usually in parades or sporting events. A yearbook is a book that contains photos and information about the students and activities of a school year. The sentence implies that the person played cornet in his marching band when he was in school.

","Questions: As he flipped through a yearbook he had fond memories of playing cornet in his what?, Choices: (A) high school band, (B) marching band, (C) case, (D) likes to day dream, (E) museum. What is the correct answer to the question 'As he flipped through a yearbook he had fond memories of playing cornet in his what?' with the options high school band, marching band, case, likes to day dream museum? Provide a straightforward explanation. 
"
Where is a automobile likely to go after an accident?,"['corner store', 'driveway', 'repair shop', 'exit ramp', 'freeway']","3. The correct answer is **(C) repair shop**. An automobile is a vehicle that runs on roads and has an engine, such as a car, a truck, or a bus. An accident is an unexpected and undesirable event that causes damage or injury. A repair shop is a place where damaged or broken things are fixed or restored. An automobile that is involved in an accident is likely to go to a repair shop to be fixed.

","Questions: Where is a automobile likely to go after an accident?, Choices: (A) corner store, (B) driveway, (C) repair shop, (D) exit ramp, (E) freeway. What is the correct answer to the question 'Where is a automobile likely to go after an accident?' with the options corner store, driveway, repair shop, exit ramp freeway? Provide a straightforward explanation. 
"
Where is a place a beaver wouldn't feel free?,"['woodlands', 'cage', 'canada', 'ontario', 'zoo']","4. The correct answer is **(B) cage**. A beaver is a large rodent that has a flat tail and sharp teeth, and builds dams and lodges in rivers and streams. A cage is a structure of bars or wires that confines or protects an animal. A beaver would not feel free in a cage, because it would limit its movement and natural behavior.

","Questions: Where is a place a beaver wouldn't feel free?, Choices: (A) woodlands, (B) cage, (C) canada, (D) ontario, (E) zoo. What is the correct answer to the question 'Where is a place a beaver wouldn't feel free?' with the options woodlands, cage, canada, ontario zoo? Provide a straightforward explanation. 
"
Where is homemade food often stored?,"['supermarket', 'jar', 'backpack', 'wal-mart', 'container']","5. The correct answer is **(E) container**. Homemade food is food that is prepared at home, rather than bought from a store or a restaurant. A container is an object that holds or stores something, such as a box, a jar, a bottle, or a bag. Homemade food is often stored in a container to keep it fresh and prevent spoilage.

","Questions: Where is homemade food often stored?, Choices: (A) supermarket, (B) jar, (C) backpack, (D) wal-mart, (E) container. What is the correct answer to the question 'Where is homemade food often stored?' with the options supermarket, jar, backpack, wal-mart container? Provide a straightforward explanation. 
"
Where are you likely to find a reception area in a business at which you spend twenty-four hours?,"['bank', 'hotels', 'law firm', 'hospital', 'people']","6. The correct answer is **(D) hospital**. A reception area is a place where visitors or customers are greeted and registered, usually by a receptionist. A business is an organization that provides goods or services for money. A hospital is a business that provides medical care and treatment for sick or injured people. A person might spend twenty-four hours in a hospital if they are admitted as a patient or work as a staff member.

","Questions: Where are you likely to find a reception area in a business at which you spend twenty-four hours?, Choices: (A) bank, (B) hotels, (C) law firm, (D) hospital, (E) people. What is the correct answer to the question 'Where are you likely to find a reception area in a business at which you spend twenty-four hours?' with the options bank, hotels, law firm, hospital people? Provide a straightforward explanation. 
"
Where are you likely to find a sideboard filled with serving dishes?,"['home', 'kitchen', 'dining room', 'storage of candles', 'bathroom']","7. The correct answer is **(C) dining room**. A sideboard is a piece of furniture that has drawers and shelves for storing or displaying dishes, cutlery, or other items. A serving dish is a large dish that is used to serve food to multiple people, such as a platter, a bowl, or a tray. A dining room is a room in a house where people eat meals. A sideboard filled with serving dishes is likely to be found in a dining room, where it can be used to serve food to guests or family members.

","Questions: Where are you likely to find a sideboard filled with serving dishes?, Choices: (A) home, (B) kitchen, (C) dining room, (D) storage of candles, (E) bathroom. What is the correct answer to the question 'Where are you likely to find a sideboard filled with serving dishes?' with the options home, kitchen, dining room, storage of candles bathroom? Provide a straightforward explanation. 
"
Where are you likely to find a tupperware container?,"['pantry', 'kitchens', 'stove', 'food', 'refrigerator']","8. The correct answer is **(E) refrigerator**. A tupperware container is a plastic container that has a tight-fitting lid and is used to store food. A refrigerator is an appliance that keeps food cold and prevents spoilage. A tupperware container is likely to be found in a refrigerator, where it can keep food fresh for a longer time.

","Questions: Where are you likely to find a tupperware container?, Choices: (A) pantry, (B) kitchens, (C) stove, (D) food, (E) refrigerator. What is the correct answer to the question 'Where are you likely to find a tupperware container?' with the options pantry, kitchens, stove, food refrigerator? Provide a straightforward explanation. 
"
Where are you likely to find an art gallery?,"['london', 'downtown area', 'large city', 'middle of town', 'frankfurt']","9. The correct answer is **(C) large city**. An art gallery is a place where artworks, such as paintings, sculptures, or photographs, are displayed or sold. A large city is a densely populated urban area that has many buildings, people, and activities. An art gallery is likely to be found in a large city, where there is more demand and appreciation for art and culture.

","Questions: Where are you likely to find an art gallery?, Choices: (A) london, (B) downtown area, (C) large city, (D) middle of town, (E) frankfurt. What is the correct answer to the question 'Where are you likely to find an art gallery?' with the options london, downtown area, large city, middle of town frankfurt? Provide a straightforward explanation. 
"
Where are you likely to find an artisan market?,"['town', 'village', 'rural area', 'buy fresh vegetables', 'by a lake']","10. The correct answer is **(A) town**. An artisan market is a place where handmade or locally produced goods, such as crafts, jewelry, or food, are sold by the people who make them. A town is a human settlement that is larger than a village but smaller than a city, and has some local government and services. An artisan market is likely to be found in a town, where there is a sense of community and support for local businesses.","Questions: Where are you likely to find an artisan market?, Choices: (A) town, (B) village, (C) rural area, (D) buy fresh vegetables, (E) by a lake. What is the correct answer to the question 'Where are you likely to find an artisan market?' with the options town, village, rural area, buy fresh vegetables by a lake? Provide a straightforward explanation. 
"
Where are you likely to find an injured soldier?,"['helicopter', 'war zone', 'armored car', 'white house', 'battlefield']","1. The correct answer is **(E) battlefield**. A battlefield is a place where a war or a fight is happening, and soldiers are likely to get injured there. The other options are not as common or relevant places to find an injured soldier.

","Questions: Where are you likely to find an injured soldier?, Choices: (A) helicopter, (B) war zone, (C) armored car, (D) white house, (E) battlefield. What is the correct answer to the question 'Where are you likely to find an injured soldier?' with the options helicopter, war zone, armored car, white house battlefield? Provide a straightforward explanation. 
"
Where are you likely to find endless shelves?,"['kitchen', 'corner', 'bookstore', 'refrigerator', 'cupboard']","2. The correct answer is **(C) bookstore**. A bookstore is a place where books are sold, and they usually have many shelves to display the books. The other options are not places where you would find endless shelves.

","Questions: Where are you likely to find endless shelves?, Choices: (A) kitchen, (B) corner, (C) bookstore, (D) refrigerator, (E) cupboard. What is the correct answer to the question 'Where are you likely to find endless shelves?' with the options kitchen, corner, bookstore, refrigerator cupboard? Provide a straightforward explanation. 
"
"I really want a keyboard instrument, where should I go to try some out?","['music store', 'band', 'orchestra', 'accompany singer', 'museum']","3. The correct answer is **(A) music store**. A music store is a place where musical instruments and accessories are sold, and you can usually try some out before buying them. The other options are not places where you can easily find and play keyboard instruments.

","Questions: I really want a keyboard instrument, where should I go to try some out?, Choices: (A) music store, (B) band, (C) orchestra, (D) accompany singer, (E) museum. What is the correct answer to the question 'I really want a keyboard instrument, where should I go to try some out?' with the options music store, band, orchestra, accompany singer museum? Provide a straightforward explanation. 
"
The screwdriver was surprisingly sharp.  This is because it's tip  was what?,"['blunt', 'inaccurate', 'flat', 'above board', 'dim']","4. The correct answer is **(C) flat**. A flat tip is a type of screwdriver that has a thin and straight edge, which can be sharp. The other options are not characteristics of a screwdriver tip.

","Questions: The screwdriver was surprisingly sharp.  This is because it's tip  was what?, Choices: (A) blunt, (B) inaccurate, (C) flat, (D) above board, (E) dim. What is the correct answer to the question 'The screwdriver was surprisingly sharp.  This is because it's tip  was what?' with the options blunt, inaccurate, flat, above board dim? Provide a straightforward explanation. 
"
The trim made a good line between the floor and the what?,"['obesity', 'desk', 'sky', 'wall', 'ceiling']","5. The correct answer is **(D) wall**. A wall is a vertical structure that separates rooms or buildings, and a trim is a decorative molding that covers the gap between the floor and the wall. The other options are not things that are adjacent to the floor.

","Questions: The trim made a good line between the floor and the what?, Choices: (A) obesity, (B) desk, (C) sky, (D) wall, (E) ceiling. What is the correct answer to the question 'The trim made a good line between the floor and the what?' with the options obesity, desk, sky, wall ceiling? Provide a straightforward explanation. 
"
The woman could not see her small dog but she could hear it where is it likely to be?,"[""neighbor's yard"", 'tree', 'basket', 'manhattan apartment', 'fridge']","6. The correct answer is **(C) basket**. A basket is a container that can hold small objects, and a dog might hide or sleep in it. The other options are not places where a dog is likely to be if the woman can hear it but not see it.

","Questions: The woman could not see her small dog but she could hear it where is it likely to be?, Choices: (A) neighbor's yard, (B) tree, (C) basket, (D) manhattan apartment, (E) fridge. What is the correct answer to the question 'The woman could not see her small dog but she could hear it where is it likely to be?' with the options neighbor's yard, tree, basket, manhattan apartment fridge? Provide a straightforward explanation. 
"
The woman decided to take a penny from the pot.   Before  her a man decided to do what?,"['drop', 'refuse', 'give', 'bring', 'swim']","7. The correct answer is **(A) drop**. A penny is a coin that has a low value, and a pot is a container that can hold money or other things. The phrase ""take a penny, leave a penny"" means that you can take a penny from the pot if you need one, but you should also drop a penny in the pot if you have one. The other options are not actions that a man would do with a penny and a pot.

","Questions: The woman decided to take a penny from the pot.   Before  her a man decided to do what?, Choices: (A) drop, (B) refuse, (C) give, (D) bring, (E) swim. What is the correct answer to the question 'The woman decided to take a penny from the pot.   Before  her a man decided to do what?' with the options drop, refuse, give, bring swim? Provide a straightforward explanation. 
"
The woman let her son play with it in his room.  She did not do what?,"['forbid', 'annoy', 'prohibit', 'stop', 'disallow']","8. The correct answer is **(C) prohibit**. To prohibit means to forbid or prevent something, and it is the opposite of to let or allow something. The woman let her son play with it in his room, so she did not prohibit him from doing so. The other options are not synonyms of prohibit.

","Questions: The woman let her son play with it in his room.  She did not do what?, Choices: (A) forbid, (B) annoy, (C) prohibit, (D) stop, (E) disallow. What is the correct answer to the question 'The woman let her son play with it in his room.  She did not do what?' with the options forbid, annoy, prohibit, stop disallow? Provide a straightforward explanation. 
"
The woman spent her evenings working hard for herself. What did she do with her tasks?,"['headache', 'popularity', 'take rest', 'accomplish goals', 'get laid']","9. The correct answer is **(D) accomplish goals**. To accomplish goals means to achieve or complete something that you have planned or desired. The woman spent her evenings working hard for herself, so she probably did that to accomplish her goals. The other options are not things that are directly related to working hard.

","Questions: The woman spent her evenings working hard for herself. What did she do with her tasks?, Choices: (A) headache, (B) popularity, (C) take rest, (D) accomplish goals, (E) get laid. What is the correct answer to the question 'The woman spent her evenings working hard for herself. What did she do with her tasks?' with the options headache, popularity, take rest, accomplish goals get laid? Provide a straightforward explanation. 
"
"The selfish man liked to take food from potlucks, but what didn't he do with food?","['give', 'swim', 'bring', 'drop', 'eat']","10. The correct answer is **(C) bring**. To bring means to take or carry something to a place, and it is a common courtesy to bring some food to a potluck, which is a meal where everyone contributes a dish. The selfish man liked to take food from potlucks, but he did not bring any food himself. The other options are not things that he did not do with food.","Questions: The selfish man liked to take food from potlucks, but what didn't he do with food?, Choices: (A) give, (B) swim, (C) bring, (D) drop, (E) eat. What is the correct answer to the question 'The selfish man liked to take food from potlucks, but what didn't he do with food?' with the options give, swim, bring, drop eat? Provide a straightforward explanation. 
"
"The sensor would just the distance then set off an alarm, the installation expert explained it was called a what kind of sensor?","['near', 'closeness', 'here', 'proximity', 'this']","1. The correct answer is **(D) proximity**. A proximity sensor is a device that detects the presence or absence of nearby objects without physical contact. It can measure the distance between itself and the object and trigger an alarm if the object is too close or too far.

","Questions: The sensor would just the distance then set off an alarm, the installation expert explained it was called a what kind of sensor?, Choices: (A) near, (B) closeness, (C) here, (D) proximity, (E) this. What is the correct answer to the question 'The sensor would just the distance then set off an alarm, the installation expert explained it was called a what kind of sensor?' with the options near, closeness, here, proximity this? Provide a straightforward explanation. 
"
"The servant was asked where to put the flowers, what was his status at the wedding?","['free person', 'celebrity', 'boss', 'in charge', 'rich person']","2. The correct answer is **(A) free person**. A servant is someone who performs duties for others, especially a person employed in a house or as a personal attendant. A servant is not a celebrity, a boss, in charge, or a rich person. A servant is a free person, meaning they are not enslaved or imprisoned.

","Questions: The servant was asked where to put the flowers, what was his status at the wedding?, Choices: (A) free person, (B) celebrity, (C) boss, (D) in charge, (E) rich person. What is the correct answer to the question 'The servant was asked where to put the flowers, what was his status at the wedding?' with the options free person, celebrity, boss, in charge rich person? Provide a straightforward explanation. 
"
"The shark followed the fish down into the dark water, where did the shark go?","['the desert', 'sea world', 'great outdoors', 'deep ocean', 'maritime museum']","3. The correct answer is **(D) deep ocean**. The shark followed the fish down into the dark water, which means the water was very deep and had little or no light. The desert, sea world, great outdoors, and maritime museum are not places where sharks and fish can go into the dark water. The deep ocean is the part of the ocean that is below the sunlit surface layer and extends to the ocean floor.

","Questions: The shark followed the fish down into the dark water, where did the shark go?, Choices: (A) the desert, (B) sea world, (C) great outdoors, (D) deep ocean, (E) maritime museum. What is the correct answer to the question 'The shark followed the fish down into the dark water, where did the shark go?' with the options the desert, sea world, great outdoors, deep ocean maritime museum? Provide a straightforward explanation. 
"
"The story had hit its climax, it was what?","['floor', 'near end', 'falling down', 'entertainment', 'end badly']","4. The correct answer is **(B) near end**. The climax is the most intense, exciting, or important point of something, especially a story or a drama. It is usually followed by the resolution, which is the final part of the story where the conflict is resolved. The climax is not the floor, the falling down, the entertainment, or the end badly. The climax is the near end, meaning it is close to the end of the story.

","Questions: The story had hit its climax, it was what?, Choices: (A) floor, (B) near end, (C) falling down, (D) entertainment, (E) end badly. What is the correct answer to the question 'The story had hit its climax, it was what?' with the options floor, near end, falling down, entertainment end badly? Provide a straightforward explanation. 
"
"The story was interesting, the character grew to become a baby boy after starting out a what?","['old person', 'learn to speak', 'old man', 'adult', 'died']","5. The correct answer is **(C) old man**. The story was interesting, the character grew to become a baby boy after starting out as an old man. This is the plot of the novel **The Curious Case of Benjamin Button** by F. Scott Fitzgerald, which was adapted into a film starring Brad Pitt. The character was not an old person, a learn to speak, an adult, or a died. The character was an old man, meaning he was a male human who was advanced in age.

","Questions: The story was interesting, the character grew to become a baby boy after starting out a what?, Choices: (A) old person, (B) learn to speak, (C) old man, (D) adult, (E) died. What is the correct answer to the question 'The story was interesting, the character grew to become a baby boy after starting out a what?' with the options old person, learn to speak, old man, adult died? Provide a straightforward explanation. 
"
"A rock hit the windshield while he was on the highway, it caused him to nearly crash his what?","['motorboat', 'airplane', 'automobile', 'barrier', 'motor vehicle']","6. The correct answer is **(C) automobile**. A rock hit the windshield while he was on the highway, it caused him to nearly crash his automobile. An automobile is a road vehicle, typically with four wheels, powered by an internal combustion engine or electric motor and able to carry a small number of people. An automobile is also known as a car. A motorboat, an airplane, a barrier, and a motor vehicle are not things that have windshields or can be driven on the highway.

","Questions: A rock hit the windshield while he was on the highway, it caused him to nearly crash his what?, Choices: (A) motorboat, (B) airplane, (C) automobile, (D) barrier, (E) motor vehicle. What is the correct answer to the question 'A rock hit the windshield while he was on the highway, it caused him to nearly crash his what?' with the options motorboat, airplane, automobile, barrier motor vehicle? Provide a straightforward explanation. 
"
"After taking measurements with an armband, the doctor recommended medicine for what purpose?","['guard against disease', 'lower cholesterol', 'cargo', 'lower blood pressure', 'diabetes']","7. The correct answer is **(D) lower blood pressure**. After taking measurements with an armband, the doctor recommended medicine for the purpose of lowering blood pressure. An armband is a device that wraps around the upper arm and measures blood pressure, which is the force of blood pushing against the walls of the arteries. Blood pressure can be too high or too low, and both can cause health problems. A doctor may prescribe medicine to lower blood pressure if it is too high, which is called hypertension. The purpose of the medicine is not to guard against disease, lower cholesterol, cargo, or diabetes.

","Questions: After taking measurements with an armband, the doctor recommended medicine for what purpose?, Choices: (A) guard against disease, (B) lower cholesterol, (C) cargo, (D) lower blood pressure, (E) diabetes. What is the correct answer to the question 'After taking measurements with an armband, the doctor recommended medicine for what purpose?' with the options guard against disease, lower cholesterol, cargo, lower blood pressure diabetes? Provide a straightforward explanation. 
"
A handsome prince is a stock character common to what?,"['england', 'fairy tale', 'castle', 'palace', 'court']","8. The correct answer is **(B) fairy tale**. A handsome prince is a stock character common to fairy tales. A stock character is a stereotypical or archetypal fictional character that is easily recognized by readers or audiences. A handsome prince is a young and attractive male royal who often rescues or marries a beautiful princess. A fairy tale is a type of short story that typically features folkloric characters such as fairies, goblins, elves, trolls, witches, giants, and talking animals, and usually has a happy ending. A handsome prince is not common to england, castle, palace, or court.

","Questions: A handsome prince is a stock character common to what?, Choices: (A) england, (B) fairy tale, (C) castle, (D) palace, (E) court. What is the correct answer to the question 'A handsome prince is a stock character common to what?' with the options england, fairy tale, castle, palace court? Provide a straightforward explanation. 
"
A happy person drinking a lemonade and also feeling nauseous or dizzy might be at what event?,"['fairgrounds', 'concert', 'go to doctor', 'refrigerator', 'carnival']","9. The correct answer is **(E) carnival**. A happy person drinking a lemonade and also feeling nauseous or dizzy might be at a carnival. A carnival is a public event that typically involves amusement rides, games, food, and entertainment. A lemonade is a sweet drink made from lemons, sugar, and water. A person might feel nauseous or dizzy after drinking a lemonade and riding a fast or spinning ride, such as a roller coaster, a ferris wheel, or a carousel. A person might not be at a fairgrounds, a concert, a go to doctor, or a refrigerator.

","Questions: A happy person drinking a lemonade and also feeling nauseous or dizzy might be at what event?, Choices: (A) fairgrounds, (B) concert, (C) go to doctor, (D) refrigerator, (E) carnival. What is the correct answer to the question 'A happy person drinking a lemonade and also feeling nauseous or dizzy might be at what event?' with the options fairgrounds, concert, go to doctor, refrigerator carnival? Provide a straightforward explanation. 
"
A harmonica might be the smallest instrument sold where?,"['blues band', 'rock band', 'pocket', 'music store', 'shop counter']","10. The correct answer is **(D) music store**. A harmonica might be the smallest instrument sold at a music store. A harmonica is a small musical instrument that is played by blowing air into or out of metal reeds. A music store is a shop that sells musical instruments, sheet music, and accessories. A harmonica is not sold at a blues band, a rock band, a pocket, or a shop counter. A harmonica might fit in a pocket or be used by a blues band or a rock band, but it is not sold there.","Questions: A harmonica might be the smallest instrument sold where?, Choices: (A) blues band, (B) rock band, (C) pocket, (D) music store, (E) shop counter. What is the correct answer to the question 'A harmonica might be the smallest instrument sold where?' with the options blues band, rock band, pocket, music store shop counter? Provide a straightforward explanation. 
"
A helper monkey does what around the home of a disabled person?,"['treetops', 'works', 'disturb', 'nigeria', 'south american country']","1. The correct answer is **(B) works**. A helper monkey is a type of service animal that is trained to assist a disabled person with various tasks around the home, such as opening doors, fetching objects, turning on lights, etc.

","Questions: A helper monkey does what around the home of a disabled person?, Choices: (A) treetops, (B) works, (C) disturb, (D) nigeria, (E) south american country. What is the correct answer to the question 'A helper monkey does what around the home of a disabled person?' with the options treetops, works, disturb, nigeria south american country? Provide a straightforward explanation. 
"
A person with brown skin may share that skin with whom?,"['finger', 'good health', 'own family', 'friends', 'people']","2. The correct answer is **(C) own family**. A person with brown skin may share that skin with their own family members, who may have inherited the same skin color from their ancestors.

","Questions: A person with brown skin may share that skin with whom?, Choices: (A) finger, (B) good health, (C) own family, (D) friends, (E) people. What is the correct answer to the question 'A person with brown skin may share that skin with whom?' with the options finger, good health, own family, friends people? Provide a straightforward explanation. 
"
"The country enjoyed a period of peace, it was brought about by a very what time?","['peacework', 'war', 'violent', 'happened', 'trying']","3. The correct answer is **(B) war**. The country enjoyed a period of peace, it was brought about by a very **war** time. This means that the country had experienced a lot of violence and conflict before, and the peace was a result of ending the war.

","Questions: The country enjoyed a period of peace, it was brought about by a very what time?, Choices: (A) peacework, (B) war, (C) violent, (D) happened, (E) trying. What is the correct answer to the question 'The country enjoyed a period of peace, it was brought about by a very what time?' with the options peacework, war, violent, happened trying? Provide a straightforward explanation. 
"
"The couple decided the new shades didn't match the old wall color, where did they go next?","['forest', 'paint store', 'house', ""neighbor's house"", 'windows']","4. The correct answer is **(B) paint store**. The couple decided the new shades didn't match the old wall color, where did they go next? They went to the **paint store** to buy a new color that would match their shades better.

","Questions: The couple decided the new shades didn't match the old wall color, where did they go next?, Choices: (A) forest, (B) paint store, (C) house, (D) neighbor's house, (E) windows. What is the correct answer to the question 'The couple decided the new shades didn't match the old wall color, where did they go next?' with the options forest, paint store, house, neighbor's house windows? Provide a straightforward explanation. 
"
"The couple had a forgiving attitude with each other thereafter, what did they do?","['great relief', 'feel better', 'respect', 'go up high', 'make up']","5. The correct answer is **(E) make up**. The couple had a forgiving attitude with each other thereafter, what did they do? They **made up**, which means that they reconciled their differences and restored their relationship.

","Questions: The couple had a forgiving attitude with each other thereafter, what did they do?, Choices: (A) great relief, (B) feel better, (C) respect, (D) go up high, (E) make up. What is the correct answer to the question 'The couple had a forgiving attitude with each other thereafter, what did they do?' with the options great relief, feel better, respect, go up high make up? Provide a straightforward explanation. 
"
"The couple had been copulating seemingly non stop, eventually they finally had a what?","['intense pleasure', 'period of rest', 'babies', 'conversation', 'skin irritation']","6. The correct answer is **(B) period of rest**. The couple had been copulating seemingly non stop, eventually they finally had a **period of rest**. This means that they stopped having sexual intercourse for a while and relaxed.

","Questions: The couple had been copulating seemingly non stop, eventually they finally had a what?, Choices: (A) intense pleasure, (B) period of rest, (C) babies, (D) conversation, (E) skin irritation. What is the correct answer to the question 'The couple had been copulating seemingly non stop, eventually they finally had a what?' with the options intense pleasure, period of rest, babies, conversation skin irritation? Provide a straightforward explanation. 
"
Where do you keep salt when you're about to have a meal?,"['next to pepper', 'ocean water', ""neighbor's house"", 'shaker', 'table']","7. The correct answer is **(E) table**. Where do you keep salt when you're about to have a meal? You keep it on the **table**, where you can easily reach it and add it to your food if needed.

","Questions: Where do you keep salt when you're about to have a meal?, Choices: (A) next to pepper, (B) ocean water, (C) neighbor's house, (D) shaker, (E) table. What is the correct answer to the question 'Where do you keep salt when you're about to have a meal?' with the options next to pepper, ocean water, neighbor's house, shaker table? Provide a straightforward explanation. 
"
Where do you live if you have a cheap linoleum covering and boxy rooms?,"['kitchen floor', 'furniture', 'house', 'mobile home', 'own land']","8. The correct answer is **(D) mobile home**. Where do you live if you have a cheap linoleum covering and boxy rooms? You live in a **mobile home**, which is a type of prefabricated housing that can be moved from one place to another.

","Questions: Where do you live if you have a cheap linoleum covering and boxy rooms?, Choices: (A) kitchen floor, (B) furniture, (C) house, (D) mobile home, (E) own land. What is the correct answer to the question 'Where do you live if you have a cheap linoleum covering and boxy rooms?' with the options kitchen floor, furniture, house, mobile home own land? Provide a straightforward explanation. 
"
Where do you mix things on a counter?,"['mixer stand', 'candy store', 'kitchen', 'butcher shop', 'post office']","9. The correct answer is **(C) kitchen**. Where do you mix things on a counter? You mix them in the **kitchen**, where you have appliances and utensils for preparing food.

","Questions: Where do you mix things on a counter?, Choices: (A) mixer stand, (B) candy store, (C) kitchen, (D) butcher shop, (E) post office. What is the correct answer to the question 'Where do you mix things on a counter?' with the options mixer stand, candy store, kitchen, butcher shop post office? Provide a straightforward explanation. 
"
"You could call it jackson for short, but you'd be leaving out a hole when talking about a place where?","['lousiana', 'tennessee', 'jack', 'mississippi', 'wyoming']","10. The correct answer is **(E) wyoming**. You could call it jackson for short, but you'd be leaving out a hole when talking about a place where? You would be talking about **Wyoming**, where there is a town called Jackson Hole, which is a popular tourist destination.","Questions: You could call it jackson for short, but you'd be leaving out a hole when talking about a place where?, Choices: (A) lousiana, (B) tennessee, (C) jack, (D) mississippi, (E) wyoming. What is the correct answer to the question 'You could call it jackson for short, but you'd be leaving out a hole when talking about a place where?' with the options lousiana, tennessee, jack, mississippi wyoming? Provide a straightforward explanation. 
"
